id,name,menu,option
3,"Nulodion's notes",inventory,"Read"
5,"Instruction manual",inventory,"Read"
6,"Cannon base",inventory,"Set-up"
16,"Magic whistle",inventory,"Blow"
17,"Grail bell",inventory,"Ring"
18,"Magic gold feather",inventory,"Blow-on"
34,"Lit candle",inventory,"Extinguish"
197,"Poison chalice",inventory,"Drink"
292,"Book on baxtorian",inventory,"Read"
407,"Oyster",inventory,"Open"
424,"Pigeon cage",inventory,"Open"
455,"Barcrawl card",inventory,"Read"
583,"Bailing bucket",inventory,"Bail-with"
595,"Torch",inventory,"Extinguish"
600,"Astronomy book",inventory,"Read"
604,"Bone shard",inventory,"Inspect"
606,"Stone-plaque",inventory,"Read"
607,"Tattered scroll",inventory,"Read"
608,"Crumpled scroll",inventory,"Read"
610,"Zadimus corpse",inventory,"Bury"
611,"Locating crystal",inventory,"Activate"
624,"Bervirius notes",inventory,"Read"
677,"Panning tray",inventory,"Search"
678,"Panning tray",inventory,"Search"
679,"Panning tray",inventory,"Search"
691,"Level 1 certificate",inventory,"Look-at"
692,"Level 2 certificate",inventory,"Look-at"
693,"Level 3 certificate",inventory,"Look-at"
696,"Invitation letter",inventory,"Read"
699,"Stone tablet",inventory,"Read"
711,"Book on chemicals",inventory,"Read"
714,"Radimus notes",inventory,"Read"
714,"Radimus notes",inventory,"Complete"
715,"Radimus notes",inventory,"Read"
716,"Bull roarer",inventory,"Swing"
717,"Scrawled note",inventory,"Read"
718,"A scribbled note",inventory,"Read"
719,"Scrumpled note",inventory,"Read"
720,"Sketch",inventory,"Look"
729,"Shamans tome",inventory,"Read"
730,"Binding book",inventory,"Read"
730,"Binding book",inventory,"Enchant-Vials"
735,"Yommi tree seeds",inventory,"Look"
736,"Yommi tree seeds",inventory,"Look"
739,"Bravery potion",inventory,"Drink"
744,"Heart crystal",inventory,"Look-at"
745,"Heart crystal",inventory,"Look-at"
748,"Holy force",inventory,"Cast Spell"
750,"Gilded totem",inventory,"Look-at"
751,"Gnomeball",inventory,"Hold"
756,"Cadava potion",inventory,"Drink"
757,"Book",inventory,"Read"
761,"Intel report",inventory,"Read"
769,"Certificate",inventory,"Read"
784,"Translation book",inventory,"Read"
785,"Glough's journal",inventory,"Read"
786,"Hazelmere's scroll",inventory,"Read"
787,"Lumber order",inventory,"Read"
794,"Invasion plans",inventory,"Read"
1409,"Iban's staff",inventory,"Check"
1460,"Soul talisman",inventory,"Locate"
1468,"Dry sticks",inventory,"Rub-together"
1492,"Doll of iban",inventory,"Search"
1493,"Old journal",inventory,"Read"
1494,"History of iban",inventory,"Read"
1505,"A magic scroll",inventory,"Read"
1508,"A scruffy note",inventory,"Read"
1525,"Grimy snake weed",inventory,"Clean"
1527,"Grimy ardrigal",inventory,"Clean"
1529,"Grimy sito foil",inventory,"Clean"
1531,"Grimy volencia moss",inventory,"Clean"
1533,"Grimy rogue's purse",inventory,"Clean"
1535,"Map part",inventory,"Study"
1536,"Map part",inventory,"Study"
1537,"Map part",inventory,"Study"
1538,"Crandor map",inventory,"Study"
1582,"Blamish oil",inventory,"Drink"
1842,"Ana in a barrel",inventory,"Look"
1847,"Scrumpled paper",inventory,"Read"
1848,"Shantay disclaimer",inventory,"Read"
1850,"Technical plans",inventory,"Read"
1851,"Tenti pineapple",inventory,"Eat"
1856,"Guide book",inventory,"Read"
1883,"Ugthanki kebab",inventory,"Eat"
1984,"Rotten apple",inventory,"Eat"
1991,"Jug of bad wine",inventory,"Drink"
1992,"Jug of bad wine",inventory,"Drink"
2005,"Burnt stew",inventory,"Empty Bowl"
2013,"Burnt curry",inventory,"Empty Bowl"
2023,"Cocktail guide",inventory,"Read"
2025,"Cocktail shaker",inventory,"Mix-cocktail"
2042,"Picture",inventory,"Drink"
2044,"Picture",inventory,"Drink"
2046,"Picture",inventory,"Drink"
2050,"Picture",inventory,"Drink"
2052,"Picture",inventory,"Drink"
2056,"Picture",inventory,"Drink"
2058,"Picture",inventory,"Drink"
2060,"Picture",inventory,"Drink"
2062,"Picture",inventory,"Drink"
2066,"Picture",inventory,"Drink"
2068,"Picture",inventory,"Drink"
2070,"Picture",inventory,"Drink"
2072,"Picture",inventory,"Drink"
2076,"Picture",inventory,"Drink"
2078,"Picture",inventory,"Drink"
2082,"Picture",inventory,"Drink"
2086,"Picture",inventory,"Drink"
2088,"Picture",inventory,"Drink"
2090,"Picture",inventory,"Drink"
2094,"Picture",inventory,"Empty"
2094,"Picture",inventory,"Drink"
2096,"Picture",inventory,"Empty"
2096,"Picture",inventory,"Drink"
2098,"Picture",inventory,"Empty"
2098,"Picture",inventory,"Drink"
2100,"Picture",inventory,"Empty"
2100,"Picture",inventory,"Drink"
2114,"Pineapple",inventory,"Eat"
2154,"Picture",inventory,"Eat"
2156,"Spicy toad's legs",inventory,"Eat"
2158,"Seasoned legs",inventory,"Eat"
2160,"Spicy worm",inventory,"Eat"
2167,"Gianne's cook book",inventory,"Read"
2173,"Picture",inventory,"Eat"
2175,"Burnt gnomebowl",inventory,"Empty Bowl"
2177,"Half baked bowl",inventory,"Prepare"
2179,"Picture",inventory,"Eat"
2181,"Picture",inventory,"Eat"
2183,"Picture",inventory,"Eat"
2189,"Picture",inventory,"Eat"
2193,"Picture",inventory,"Eat"
2197,"Odd crunchies",inventory,"Eat"
2199,"Burnt crunchies",inventory,"Empty Tray"
2201,"Half baked crunchy",inventory,"Prepare"
2203,"Picture",inventory,"Eat"
2207,"Picture",inventory,"Eat"
2211,"Picture",inventory,"Eat"
2215,"Picture",inventory,"Eat"
2245,"Picture",inventory,"Eat"
2247,"Burnt batta",inventory,"Empty Tin"
2249,"Half baked batta",inventory,"Prepare"
2251,"Picture",inventory,"Eat"
2257,"Picture",inventory,"Eat"
2261,"Unfinished batta",inventory,"Eat"
2263,"Unfinished batta",inventory,"Eat"
2265,"Unfinished batta",inventory,"Eat"
2267,"Unfinished batta",inventory,"Eat"
2269,"Unfinished batta",inventory,"Eat"
2271,"Unfinished batta",inventory,"Eat"
2273,"Unfinished batta",inventory,"Eat"
2275,"Picture",inventory,"Eat"
2279,"Picture",inventory,"Eat"
2329,"Burnt pie",inventory,"Empty Dish"
2376,"Skavid map",inventory,"Read"
2379,"Rock cake",inventory,"Eat"
2396,"Spell scroll",inventory,"Read"
2397,"Shaman robe",inventory,"Search"
2398,"Cave nightshade",inventory,"Eat"
2408,"Diary",inventory,"Read"
2530,"Bones",inventory,"Bury"
2550,"Ring of recoil",worn,"Check"
2574,"Sextant",inventory,"Look through"
2678,"Clue scroll (easy)",inventory,"Read"
2679,"Clue scroll (easy)",inventory,"Read"
2680,"Clue scroll (easy)",inventory,"Read"
2681,"Clue scroll (easy)",inventory,"Read"
2682,"Clue scroll (easy)",inventory,"Read"
2683,"Clue scroll (easy)",inventory,"Read"
2684,"Clue scroll (easy)",inventory,"Read"
2685,"Clue scroll (easy)",inventory,"Read"
2686,"Clue scroll (easy)",inventory,"Read"
2687,"Clue scroll (easy)",inventory,"Read"
2688,"Clue scroll (easy)",inventory,"Read"
2689,"Clue scroll (easy)",inventory,"Read"
2690,"Clue scroll (easy)",inventory,"Read"
2691,"Clue scroll (easy)",inventory,"Read"
2692,"Clue scroll (easy)",inventory,"Read"
2693,"Clue scroll (easy)",inventory,"Read"
2694,"Clue scroll (easy)",inventory,"Read"
2695,"Clue scroll (easy)",inventory,"Read"
2696,"Clue scroll (easy)",inventory,"Read"
2697,"Clue scroll (easy)",inventory,"Read"
2698,"Clue scroll (easy)",inventory,"Read"
2699,"Clue scroll (easy)",inventory,"Read"
2700,"Clue scroll (easy)",inventory,"Read"
2701,"Clue scroll (easy)",inventory,"Read"
2702,"Clue scroll (easy)",inventory,"Read"
2703,"Clue scroll (easy)",inventory,"Read"
2704,"Clue scroll (easy)",inventory,"Read"
2705,"Clue scroll (easy)",inventory,"Read"
2706,"Clue scroll (easy)",inventory,"Read"
2707,"Clue scroll (easy)",inventory,"Read"
2708,"Clue scroll (easy)",inventory,"Read"
2709,"Clue scroll (easy)",inventory,"Read"
2710,"Clue scroll (easy)",inventory,"Read"
2711,"Clue scroll (easy)",inventory,"Read"
2712,"Clue scroll (easy)",inventory,"Read"
2713,"Clue scroll (easy)",inventory,"Read"
2715,"Casket (easy)",inventory,"Open"
2716,"Clue scroll (easy)",inventory,"Read"
2717,"Casket (easy)",inventory,"Open"
2718,"Casket (easy)",inventory,"Open"
2719,"Clue scroll (easy)",inventory,"Read"
2720,"Casket (easy)",inventory,"Open"
2721,"Casket (easy)",inventory,"Open"
2723,"Clue scroll (hard)",inventory,"Read"
2725,"Clue scroll (hard)",inventory,"Read"
2726,"Casket (hard)",inventory,"Open"
2727,"Clue scroll (hard)",inventory,"Read"
2728,"Casket (hard)",inventory,"Open"
2729,"Clue scroll (hard)",inventory,"Read"
2730,"Casket (hard)",inventory,"Open"
2731,"Clue scroll (hard)",inventory,"Read"
2732,"Casket (hard)",inventory,"Open"
2733,"Clue scroll (hard)",inventory,"Read"
2734,"Casket (hard)",inventory,"Open"
2735,"Clue scroll (hard)",inventory,"Read"
2736,"Casket (hard)",inventory,"Open"
2737,"Clue scroll (hard)",inventory,"Read"
2738,"Casket (hard)",inventory,"Open"
2739,"Clue scroll (hard)",inventory,"Read"
2740,"Casket (hard)",inventory,"Open"
2741,"Clue scroll (hard)",inventory,"Read"
2742,"Casket (hard)",inventory,"Open"
2743,"Clue scroll (hard)",inventory,"Read"
2744,"Casket (hard)",inventory,"Open"
2745,"Clue scroll (hard)",inventory,"Read"
2746,"Casket (hard)",inventory,"Open"
2747,"Clue scroll (hard)",inventory,"Read"
2748,"Casket (hard)",inventory,"Open"
2749,"Sliding piece",inventory,"Move"
2750,"Sliding piece",inventory,"Move"
2751,"Sliding piece",inventory,"Move"
2752,"Sliding piece",inventory,"Move"
2753,"Sliding piece",inventory,"Move"
2754,"Sliding piece",inventory,"Move"
2755,"Sliding piece",inventory,"Move"
2756,"Sliding piece",inventory,"Move"
2757,"Sliding piece",inventory,"Move"
2758,"Sliding piece",inventory,"Move"
2759,"Sliding piece",inventory,"Move"
2760,"Sliding piece",inventory,"Move"
2761,"Sliding piece",inventory,"Move"
2762,"Sliding piece",inventory,"Move"
2763,"Sliding piece",inventory,"Move"
2764,"Sliding piece",inventory,"Move"
2765,"Sliding piece",inventory,"Move"
2766,"Sliding piece",inventory,"Move"
2767,"Sliding piece",inventory,"Move"
2768,"Sliding piece",inventory,"Move"
2769,"Sliding piece",inventory,"Move"
2770,"Sliding piece",inventory,"Move"
2771,"Sliding piece",inventory,"Move"
2772,"Sliding piece",inventory,"Move"
2773,"Clue scroll (hard)",inventory,"Read"
2774,"Clue scroll (hard)",inventory,"Read"
2775,"Casket (hard)",inventory,"Open"
2776,"Clue scroll (hard)",inventory,"Read"
2777,"Casket (hard)",inventory,"Open"
2778,"Clue scroll (hard)",inventory,"Read"
2779,"Casket (hard)",inventory,"Open"
2780,"Clue scroll (hard)",inventory,"Read"
2781,"Casket (hard)",inventory,"Open"
2782,"Clue scroll (hard)",inventory,"Read"
2783,"Clue scroll (hard)",inventory,"Read"
2784,"Casket (hard)",inventory,"Open"
2785,"Clue scroll (hard)",inventory,"Read"
2786,"Clue scroll (hard)",inventory,"Read"
2787,"Casket (hard)",inventory,"Open"
2788,"Clue scroll (hard)",inventory,"Read"
2789,"Casket (hard)",inventory,"Open"
2790,"Clue scroll (hard)",inventory,"Read"
2791,"Casket (hard)",inventory,"Open"
2792,"Clue scroll (hard)",inventory,"Read"
2793,"Clue scroll (hard)",inventory,"Read"
2794,"Clue scroll (hard)",inventory,"Read"
2795,"Puzzle box",inventory,"Open"
2796,"Clue scroll (hard)",inventory,"Read"
2797,"Clue scroll (hard)",inventory,"Read"
2798,"Puzzle box",inventory,"Open"
2799,"Clue scroll (hard)",inventory,"Read"
2800,"Puzzle box",inventory,"Open"
2803,"Clue scroll (medium)",inventory,"Read"
2804,"Casket (medium)",inventory,"Open"
2805,"Clue scroll (medium)",inventory,"Read"
2806,"Casket (medium)",inventory,"Open"
2807,"Clue scroll (medium)",inventory,"Read"
2808,"Casket (medium)",inventory,"Open"
2809,"Clue scroll (medium)",inventory,"Read"
2810,"Casket (medium)",inventory,"Open"
2811,"Clue scroll (medium)",inventory,"Read"
2812,"Casket (medium)",inventory,"Open"
2813,"Clue scroll (medium)",inventory,"Read"
2814,"Casket (medium)",inventory,"Open"
2815,"Clue scroll (medium)",inventory,"Read"
2816,"Casket (medium)",inventory,"Open"
2817,"Clue scroll (medium)",inventory,"Read"
2818,"Casket (medium)",inventory,"Open"
2819,"Clue scroll (medium)",inventory,"Read"
2820,"Casket (medium)",inventory,"Open"
2821,"Clue scroll (medium)",inventory,"Read"
2822,"Casket (medium)",inventory,"Open"
2823,"Clue scroll (medium)",inventory,"Read"
2824,"Casket (medium)",inventory,"Open"
2825,"Clue scroll (medium)",inventory,"Read"
2826,"Casket (medium)",inventory,"Open"
2827,"Clue scroll (medium)",inventory,"Read"
2828,"Casket (medium)",inventory,"Open"
2829,"Clue scroll (medium)",inventory,"Read"
2830,"Casket (medium)",inventory,"Open"
2831,"Clue scroll (medium)",inventory,"Read"
2833,"Clue scroll (medium)",inventory,"Read"
2835,"Clue scroll (medium)",inventory,"Read"
2837,"Clue scroll (medium)",inventory,"Read"
2839,"Clue scroll (medium)",inventory,"Read"
2841,"Clue scroll (medium)",inventory,"Read"
2842,"Challenge scroll",inventory,"Read"
2843,"Clue scroll (medium)",inventory,"Read"
2844,"Challenge scroll",inventory,"Read"
2845,"Clue scroll (medium)",inventory,"Read"
2846,"Challenge scroll",inventory,"Read"
2847,"Clue scroll (medium)",inventory,"Read"
2848,"Clue scroll (medium)",inventory,"Read"
2849,"Clue scroll (medium)",inventory,"Read"
2850,"Challenge scroll",inventory,"Read"
2851,"Clue scroll (medium)",inventory,"Read"
2852,"Challenge scroll",inventory,"Read"
2853,"Clue scroll (medium)",inventory,"Read"
2854,"Challenge scroll",inventory,"Read"
2855,"Clue scroll (medium)",inventory,"Read"
2856,"Clue scroll (medium)",inventory,"Read"
2857,"Clue scroll (medium)",inventory,"Read"
2858,"Clue scroll (medium)",inventory,"Read"
2875,"Bloated toad",inventory,"Release All"
2883,"Ogre bow",inventory,"Check kills"
2883,"Ogre bow",worn,"Check kills"
2886,"Battered book",inventory,"Read"
2957,"Druid pouch",inventory,"Fill"
2958,"Druid pouch",inventory,"Fill"
2963,"Silver sickle (b)",inventory,"Bloom"
2963,"Silver sickle (b)",worn,"Bloom"
2967,"Journal",inventory,"Read"
2968,"Druidic spell",inventory,"Cast"
3006,"Firework",inventory,"Empty"
3062,"Strange box",inventory,"Open"
3102,"Combination",inventory,"Read"
3103,"Iou",inventory,"Read"
3127,"Burnt jogre bones",inventory,"Bury"
3128,"Pasty jogre bones",inventory,"Bury"
3129,"Pasty jogre bones",inventory,"Bury"
3130,"Marinated j' bones",inventory,"Bury"
3131,"Pasty jogre bones",inventory,"Bury"
3132,"Pasty jogre bones",inventory,"Bury"
3133,"Marinated j' bones",inventory,"Bury"
3146,"Poison karambwan",inventory,"Eat"
3168,"Seaweed sandwich",inventory,"Eat"
3177,"Picture",inventory,"Eat"
3187,"Bones",inventory,"Bury"
3206,"King's message",inventory,"Read"
3207,"Iorwerth's message",inventory,"Read"
3230,"Big book of bangs",inventory,"Read"
3395,"Diary",inventory,"Read"
3490,"Clue scroll (easy)",inventory,"Read"
3491,"Clue scroll (easy)",inventory,"Read"
3492,"Clue scroll (easy)",inventory,"Read"
3493,"Clue scroll (easy)",inventory,"Read"
3494,"Clue scroll (easy)",inventory,"Read"
3495,"Clue scroll (easy)",inventory,"Read"
3496,"Clue scroll (easy)",inventory,"Read"
3497,"Clue scroll (easy)",inventory,"Read"
3498,"Clue scroll (easy)",inventory,"Read"
3499,"Clue scroll (easy)",inventory,"Read"
3500,"Clue scroll (easy)",inventory,"Read"
3501,"Clue scroll (easy)",inventory,"Read"
3502,"Clue scroll (easy)",inventory,"Read"
3503,"Clue scroll (easy)",inventory,"Read"
3504,"Clue scroll (easy)",inventory,"Read"
3505,"Clue scroll (easy)",inventory,"Read"
3506,"Clue scroll (easy)",inventory,"Read"
3507,"Clue scroll (easy)",inventory,"Read"
3508,"Clue scroll (easy)",inventory,"Read"
3509,"Clue scroll (easy)",inventory,"Read"
3510,"Clue scroll (easy)",inventory,"Read"
3511,"Casket (easy)",inventory,"Open"
3512,"Clue scroll (easy)",inventory,"Read"
3513,"Clue scroll (easy)",inventory,"Read"
3514,"Clue scroll (easy)",inventory,"Read"
3515,"Clue scroll (easy)",inventory,"Read"
3516,"Clue scroll (easy)",inventory,"Read"
3517,"Casket (easy)",inventory,"Open"
3518,"Clue scroll (easy)",inventory,"Read"
3519,"Casket (easy)",inventory,"Open"
3520,"Clue scroll (hard)",inventory,"Read"
3521,"Casket (hard)",inventory,"Open"
3522,"Clue scroll (hard)",inventory,"Read"
3523,"Casket (hard)",inventory,"Open"
3524,"Clue scroll (hard)",inventory,"Read"
3525,"Clue scroll (hard)",inventory,"Read"
3526,"Clue scroll (hard)",inventory,"Read"
3527,"Casket (hard)",inventory,"Open"
3528,"Clue scroll (hard)",inventory,"Read"
3529,"Casket (hard)",inventory,"Open"
3530,"Clue scroll (hard)",inventory,"Read"
3531,"Casket (hard)",inventory,"Open"
3532,"Clue scroll (hard)",inventory,"Read"
3533,"Casket (hard)",inventory,"Open"
3534,"Clue scroll (hard)",inventory,"Read"
3535,"Casket (hard)",inventory,"Open"
3536,"Clue scroll (hard)",inventory,"Read"
3537,"Casket (hard)",inventory,"Open"
3538,"Clue scroll (hard)",inventory,"Read"
3539,"Casket (hard)",inventory,"Open"
3540,"Clue scroll (hard)",inventory,"Read"
3541,"Casket (hard)",inventory,"Open"
3542,"Clue scroll (hard)",inventory,"Read"
3543,"Casket (hard)",inventory,"Open"
3544,"Clue scroll (hard)",inventory,"Read"
3545,"Casket (hard)",inventory,"Open"
3546,"Clue scroll (hard)",inventory,"Read"
3547,"Casket (hard)",inventory,"Open"
3548,"Clue scroll (hard)",inventory,"Read"
3549,"Casket (hard)",inventory,"Open"
3550,"Clue scroll (hard)",inventory,"Read"
3551,"Casket (hard)",inventory,"Open"
3552,"Clue scroll (hard)",inventory,"Read"
3553,"Casket (hard)",inventory,"Open"
3554,"Clue scroll (hard)",inventory,"Read"
3555,"Casket (hard)",inventory,"Open"
3556,"Clue scroll (hard)",inventory,"Read"
3557,"Casket (hard)",inventory,"Open"
3558,"Clue scroll (hard)",inventory,"Read"
3559,"Casket (hard)",inventory,"Open"
3560,"Clue scroll (hard)",inventory,"Read"
3561,"Casket (hard)",inventory,"Open"
3562,"Clue scroll (hard)",inventory,"Read"
3563,"Casket (hard)",inventory,"Open"
3564,"Clue scroll (hard)",inventory,"Read"
3565,"Puzzle box",inventory,"Open"
3566,"Clue scroll (hard)",inventory,"Read"
3567,"Puzzle box",inventory,"Open"
3568,"Clue scroll (hard)",inventory,"Read"
3569,"Puzzle box",inventory,"Open"
3570,"Clue scroll (hard)",inventory,"Read"
3571,"Puzzle box",inventory,"Open"
3572,"Clue scroll (hard)",inventory,"Read"
3573,"Clue scroll (hard)",inventory,"Read"
3574,"Clue scroll (hard)",inventory,"Read"
3575,"Clue scroll (hard)",inventory,"Read"
3576,"Puzzle box",inventory,"Open"
3577,"Clue scroll (hard)",inventory,"Read"
3578,"Puzzle box",inventory,"Open"
3579,"Clue scroll (hard)",inventory,"Read"
3580,"Clue scroll (hard)",inventory,"Read"
3581,"Casket (hard)",inventory,"Open"
3582,"Clue scroll (medium)",inventory,"Read"
3583,"Casket (medium)",inventory,"Open"
3584,"Clue scroll (medium)",inventory,"Read"
3585,"Casket (medium)",inventory,"Open"
3586,"Clue scroll (medium)",inventory,"Read"
3587,"Casket (medium)",inventory,"Open"
3588,"Clue scroll (medium)",inventory,"Read"
3589,"Casket (medium)",inventory,"Open"
3590,"Clue scroll (medium)",inventory,"Read"
3591,"Casket (medium)",inventory,"Open"
3592,"Clue scroll (medium)",inventory,"Read"
3593,"Casket (medium)",inventory,"Open"
3594,"Clue scroll (medium)",inventory,"Read"
3595,"Casket (medium)",inventory,"Open"
3596,"Clue scroll (medium)",inventory,"Read"
3597,"Casket (medium)",inventory,"Open"
3598,"Clue scroll (medium)",inventory,"Read"
3599,"Clue scroll (medium)",inventory,"Read"
3600,"Casket (medium)",inventory,"Open"
3601,"Clue scroll (medium)",inventory,"Read"
3602,"Clue scroll (medium)",inventory,"Read"
3603,"Casket (medium)",inventory,"Open"
3604,"Clue scroll (medium)",inventory,"Read"
3605,"Clue scroll (medium)",inventory,"Read"
3607,"Clue scroll (medium)",inventory,"Read"
3609,"Clue scroll (medium)",inventory,"Read"
3610,"Clue scroll (medium)",inventory,"Read"
3611,"Clue scroll (medium)",inventory,"Read"
3612,"Clue scroll (medium)",inventory,"Read"
3613,"Clue scroll (medium)",inventory,"Read"
3614,"Clue scroll (medium)",inventory,"Read"
3615,"Clue scroll (medium)",inventory,"Read"
3616,"Clue scroll (medium)",inventory,"Read"
3617,"Clue scroll (medium)",inventory,"Read"
3618,"Clue scroll (medium)",inventory,"Read"
3619,"Sliding piece",inventory,"Move"
3620,"Sliding piece",inventory,"Move"
3621,"Sliding piece",inventory,"Move"
3622,"Sliding piece",inventory,"Move"
3623,"Sliding piece",inventory,"Move"
3624,"Sliding piece",inventory,"Move"
3625,"Sliding piece",inventory,"Move"
3626,"Sliding piece",inventory,"Move"
3627,"Sliding piece",inventory,"Move"
3628,"Sliding piece",inventory,"Move"
3629,"Sliding piece",inventory,"Move"
3630,"Sliding piece",inventory,"Move"
3631,"Sliding piece",inventory,"Move"
3632,"Sliding piece",inventory,"Move"
3633,"Sliding piece",inventory,"Move"
3634,"Sliding piece",inventory,"Move"
3635,"Sliding piece",inventory,"Move"
3636,"Sliding piece",inventory,"Move"
3637,"Sliding piece",inventory,"Move"
3638,"Sliding piece",inventory,"Move"
3639,"Sliding piece",inventory,"Move"
3640,"Sliding piece",inventory,"Move"
3641,"Sliding piece",inventory,"Move"
3642,"Sliding piece",inventory,"Move"
3643,"Sliding piece",inventory,"Move"
3644,"Sliding piece",inventory,"Move"
3645,"Sliding piece",inventory,"Move"
3646,"Sliding piece",inventory,"Move"
3647,"Sliding piece",inventory,"Move"
3648,"Sliding piece",inventory,"Move"
3649,"Sliding piece",inventory,"Move"
3650,"Sliding piece",inventory,"Move"
3651,"Sliding piece",inventory,"Move"
3652,"Sliding piece",inventory,"Move"
3653,"Sliding piece",inventory,"Move"
3654,"Sliding piece",inventory,"Move"
3655,"Sliding piece",inventory,"Move"
3656,"Sliding piece",inventory,"Move"
3657,"Sliding piece",inventory,"Move"
3658,"Sliding piece",inventory,"Move"
3659,"Sliding piece",inventory,"Move"
3660,"Sliding piece",inventory,"Move"
3661,"Sliding piece",inventory,"Move"
3662,"Sliding piece",inventory,"Move"
3663,"Sliding piece",inventory,"Move"
3664,"Sliding piece",inventory,"Move"
3665,"Sliding piece",inventory,"Move"
3666,"Sliding piece",inventory,"Move"
3689,"Lyre",inventory,"Play"
3690,"Enchanted lyre",inventory,"Play"
3691,"Enchanted lyre (1)",inventory,"Play"
3695,"Pet rock",inventory,"Interact"
3696,"Hunters' talisman",inventory,"Locate"
3697,"Hunters' talisman",inventory,"Locate"
3734,"Vase",inventory,"Shake"
3735,"Vase of water",inventory,"Shake"
3736,"Frozen vase",inventory,"Shake"
3738,"Sealed vase",inventory,"Remove-lid"
3739,"Sealed vase",inventory,"Remove-lid"
3740,"Sealed vase",inventory,"Remove-lid"
3839,"Damaged book",inventory,"Check"
3840,"Holy book",inventory,"Preach"
3840,"Holy book",worn,"Preach"
3841,"Damaged book",inventory,"Check"
3842,"Unholy book",inventory,"Preach"
3842,"Unholy book",worn,"Preach"
3843,"Damaged book",inventory,"Check"
3844,"Book of balance",inventory,"Preach"
3844,"Book of balance",worn,"Preach"
3845,"Journal",inventory,"Read"
3846,"Diary",inventory,"Read"
3847,"Manual",inventory,"Read"
3901,"Ghrim's book",inventory,"Read"
3902,"Picture",inventory,"Open"
3904,"Sliding button",inventory,"Move"
3906,"Sliding button",inventory,"Move"
3908,"Sliding button",inventory,"Move"
3910,"Sliding button",inventory,"Move"
3912,"Sliding button",inventory,"Move"
3914,"Sliding button",inventory,"Move"
3916,"Sliding button",inventory,"Move"
3918,"Sliding button",inventory,"Move"
3920,"Sliding button",inventory,"Move"
3922,"Sliding button",inventory,"Move"
3924,"Sliding button",inventory,"Move"
3926,"Sliding button",inventory,"Move"
3928,"Sliding button",inventory,"Move"
3930,"Sliding button",inventory,"Move"
3932,"Sliding button",inventory,"Move"
3934,"Sliding button",inventory,"Move"
3936,"Sliding button",inventory,"Move"
3938,"Sliding button",inventory,"Move"
3940,"Sliding button",inventory,"Move"
3942,"Sliding button",inventory,"Move"
3944,"Sliding button",inventory,"Move"
3946,"Sliding button",inventory,"Move"
3948,"Sliding button",inventory,"Move"
3950,"Sliding button",inventory,"Move"
3952,"Sliding button",inventory,"Move"
3954,"Sliding button",inventory,"Move"
3956,"Sliding button",inventory,"Move"
3958,"Sliding button",inventory,"Move"
3960,"Sliding button",inventory,"Move"
3962,"Sliding button",inventory,"Move"
3964,"Sliding button",inventory,"Move"
3966,"Sliding button",inventory,"Move"
3968,"Sliding button",inventory,"Move"
3970,"Sliding button",inventory,"Move"
3972,"Sliding button",inventory,"Move"
3974,"Sliding button",inventory,"Move"
3976,"Sliding button",inventory,"Move"
3978,"Sliding button",inventory,"Move"
3980,"Sliding button",inventory,"Move"
3982,"Sliding button",inventory,"Move"
3984,"Sliding button",inventory,"Move"
3986,"Sliding button",inventory,"Move"
3988,"Sliding button",inventory,"Move"
3990,"Sliding button",inventory,"Move"
3992,"Sliding button",inventory,"Move"
3994,"Sliding button",inventory,"Move"
3996,"Sliding button",inventory,"Move"
3998,"Sliding button",inventory,"Move"
4002,"Spare controls",inventory,"View"
4006,"Monkey dentures",inventory,"Listen"
4007,"Enchanted bar",inventory,"Listen"
4023,"Monkey talisman",inventory,"Hold"
4024,"Ninja monkey greegree",inventory,"Hold"
4025,"Ninja monkey greegree",inventory,"Hold"
4026,"Gorilla greegree",inventory,"Hold"
4027,"Gorilla greegree",inventory,"Hold"
4028,"Gorilla greegree",inventory,"Hold"
4029,"Zombie monkey greegree",inventory,"Hold"
4030,"Zombie monkey greegree",inventory,"Hold"
4031,"Monkey greegree",inventory,"Hold"
4033,"Monkey",inventory,"Poke"
4049,"Bandages",inventory,"Heal"
4053,"Barricade",inventory,"Set-up"
4055,"Castle wars manual",inventory,"Read"
4084,"Sled",inventory,"Ride"
4177,"Picture",inventory,"Push"
4177,"Picture",inventory,"Pull"
4177,"Picture",inventory,"Abuse"
4177,"Picture",inventory,"Pluck"
4204,"Letter",inventory,"Read"
4206,"Consecration seed",inventory,"Plant"
4209,"Cadarn lineage",inventory,"Read"
4239,"Nettle tea",inventory,"Empty"
4243,"Cup of tea",inventory,"Drink"
4245,"Cup of tea",inventory,"Drink"
4246,"Cup of tea",inventory,"Drink"
4253,"Model ship",inventory,"Repair"
4254,"Model ship",inventory,"Inspect"
4277,"Treasure map",inventory,"Read"
4277,"Treasure map",inventory,"Follow"
4283,"Petition form",inventory,"Count"
4313,"Crystal of seren",inventory,"Read"
4428,"Animate rock scroll",inventory,"Read"
4435,"Weather report",inventory,"Read"
4436,"Airtight pot",inventory,"Open"
4446,"Steel key ring",inventory,"Check-keys"
4488,"Corpse of woman",inventory,"Bury"
4558,"Blue sweets",inventory,"Eat"
4559,"Deep blue sweets",inventory,"Eat"
4560,"White sweets",inventory,"Eat"
4561,"Purple sweets",inventory,"Eat"
4562,"Red sweets",inventory,"Eat"
4563,"Green sweets",inventory,"Eat"
4564,"Pink sweets",inventory,"Eat"
4566,"Rubber chicken",inventory,"Dance"
4566,"Rubber chicken",worn,"Dance"
4568,"Dwarven lore",inventory,"Read"
4574,"Base schematics",inventory,"Assemble"
4575,"Schematic",inventory,"Assemble"
4576,"Schematics",inventory,"Assemble"
4577,"Schematics",inventory,"Assemble"
4597,"Note",inventory,"Read"
4598,"Note",inventory,"Read"
4602,"Ugthanki dung",inventory,"Empty"
4605,"Snake charm",inventory,"Play"
4608,"Super kebab",inventory,"Eat"
4615,"Letter",inventory,"Read"
4616,"Varmen's notes",inventory,"Read"
4620,"Black mushroom",inventory,"Eat"
4655,"Translation",inventory,"Read"
4686,"Embalming manual",inventory,"Read"
4707,"Crumbling tome",inventory,"Read"
4808,"Black prism",inventory,"Look-at"
4809,"Torn page",inventory,"Read"
4810,"Ruined backpack",inventory,"Open"
4811,"Dragon inn tankard",inventory,"Look-at"
4816,"Signed portrait",inventory,"Look-at"
4817,"Book of portraiture",inventory,"Read"
4827,"Comp ogre bow",inventory,"Check kills"
4827,"Comp ogre bow",worn,"Check kills"
4829,"Book of 'h.a.m'",inventory,"Read"
4837,"Necromancy book",inventory,"Read"
4842,"Relicym's balm (4)",inventory,"Drink"
4844,"Relicym's balm (3)",inventory,"Drink"
4846,"Relicym's balm (2)",inventory,"Drink"
4848,"Relicym's balm (1)",inventory,"Drink"
5008,"Brooch",inventory,"Look-at"
5009,"Goblin symbol book",inventory,"Read"
5066,"Meeting notes",inventory,"Read"
5420,"Potatoes (1)",inventory,"Fill"
5420,"Potatoes (1)",inventory,"Remove-one"
5422,"Potatoes (2)",inventory,"Fill"
5422,"Potatoes (2)",inventory,"Remove-one"
5424,"Potatoes (3)",inventory,"Fill"
5424,"Potatoes (3)",inventory,"Remove-one"
5426,"Potatoes (4)",inventory,"Fill"
5426,"Potatoes (4)",inventory,"Remove-one"
5428,"Potatoes (5)",inventory,"Fill"
5428,"Potatoes (5)",inventory,"Remove-one"
5428,"Potatoes (5)",inventory,"Empty"
5430,"Potatoes (6)",inventory,"Fill"
5430,"Potatoes (6)",inventory,"Remove-one"
5430,"Potatoes (6)",inventory,"Empty"
5432,"Potatoes (7)",inventory,"Fill"
5432,"Potatoes (7)",inventory,"Remove-one"
5432,"Potatoes (7)",inventory,"Empty"
5434,"Potatoes (8)",inventory,"Fill"
5434,"Potatoes (8)",inventory,"Remove-one"
5434,"Potatoes (8)",inventory,"Empty"
5436,"Potatoes (9)",inventory,"Fill"
5436,"Potatoes (9)",inventory,"Remove-one"
5436,"Potatoes (9)",inventory,"Empty"
5438,"Potatoes (10)",inventory,"Fill"
5438,"Potatoes (10)",inventory,"Remove-one"
5438,"Potatoes (10)",inventory,"Empty"
5440,"Onions (1)",inventory,"Fill"
5440,"Onions (1)",inventory,"Remove-one"
5442,"Onions (2)",inventory,"Fill"
5442,"Onions (2)",inventory,"Remove-one"
5444,"Onions (3)",inventory,"Fill"
5444,"Onions (3)",inventory,"Remove-one"
5446,"Onions (4)",inventory,"Fill"
5446,"Onions (4)",inventory,"Remove-one"
5448,"Onions (5)",inventory,"Fill"
5448,"Onions (5)",inventory,"Remove-one"
5448,"Onions (5)",inventory,"Empty"
5450,"Onions (6)",inventory,"Fill"
5450,"Onions (6)",inventory,"Remove-one"
5450,"Onions (6)",inventory,"Empty"
5452,"Onions (7)",inventory,"Fill"
5452,"Onions (7)",inventory,"Remove-one"
5452,"Onions (7)",inventory,"Empty"
5454,"Onions (8)",inventory,"Fill"
5454,"Onions (8)",inventory,"Remove-one"
5454,"Onions (8)",inventory,"Empty"
5456,"Onions (9)",inventory,"Fill"
5456,"Onions (9)",inventory,"Remove-one"
5456,"Onions (9)",inventory,"Empty"
5458,"Onions (10)",inventory,"Fill"
5458,"Onions (10)",inventory,"Remove-one"
5458,"Onions (10)",inventory,"Empty"
5460,"Cabbages (1)",inventory,"Fill"
5460,"Cabbages (1)",inventory,"Remove-one"
5462,"Cabbages (2)",inventory,"Fill"
5462,"Cabbages (2)",inventory,"Remove-one"
5464,"Cabbages (3)",inventory,"Fill"
5464,"Cabbages (3)",inventory,"Remove-one"
5466,"Cabbages (4)",inventory,"Fill"
5466,"Cabbages (4)",inventory,"Remove-one"
5468,"Cabbages (5)",inventory,"Fill"
5468,"Cabbages (5)",inventory,"Remove-one"
5468,"Cabbages (5)",inventory,"Empty"
5470,"Cabbages (6)",inventory,"Fill"
5470,"Cabbages (6)",inventory,"Remove-one"
5470,"Cabbages (6)",inventory,"Empty"
5472,"Cabbages (7)",inventory,"Fill"
5472,"Cabbages (7)",inventory,"Remove-one"
5472,"Cabbages (7)",inventory,"Empty"
5474,"Cabbages (8)",inventory,"Fill"
5474,"Cabbages (8)",inventory,"Remove-one"
5474,"Cabbages (8)",inventory,"Empty"
5476,"Cabbages (9)",inventory,"Fill"
5476,"Cabbages (9)",inventory,"Remove-one"
5476,"Cabbages (9)",inventory,"Empty"
5478,"Cabbages (10)",inventory,"Fill"
5478,"Cabbages (10)",inventory,"Remove-one"
5478,"Cabbages (10)",inventory,"Empty"
5506,"Old man's message",inventory,"Read"
5507,"Strange book",inventory,"Read"
5508,"Book of folklore",inventory,"Read"
5516,"Elemental talisman",inventory,"Locate"
5520,"Abyssal book",inventory,"Read"
5558,"Rogue kit",inventory,"Build"
5561,"Mystic jewel",inventory,"Activate"
5581,"Nitrous oxide",inventory,"Open"
5588,"Alchemical notes",inventory,"Read"
5733,"Rotten potato",inventory,"Eat"
5733,"Rotten potato",inventory,"Heal"
5733,"Rotten potato",inventory,"CM-Tool"
5733,"Rotten potato",inventory,"Commands"
5771,"Dwarven stout (1)",inventory,"Drink"
5773,"Dwarven stout (2)",inventory,"Drink"
5775,"Dwarven stout (3)",inventory,"Drink"
5777,"Dwarven stout (4)",inventory,"Drink"
5779,"Asgarnian ale (1)",inventory,"Drink"
5781,"Asgarnian ale (2)",inventory,"Drink"
5783,"Asgarnian ale (3)",inventory,"Drink"
5785,"Asgarnian ale (4)",inventory,"Drink"
5787,"Greenman's ale (1)",inventory,"Drink"
5789,"Greenman's ale (2)",inventory,"Drink"
5791,"Greenman's ale (3)",inventory,"Drink"
5793,"Greenman's ale (4)",inventory,"Drink"
5795,"Mind bomb (1)",inventory,"Drink"
5797,"Mind bomb (2)",inventory,"Drink"
5799,"Mind bomb (3)",inventory,"Drink"
5801,"Mind bomb (4)",inventory,"Drink"
5803,"Dragon bitter (1)",inventory,"Drink"
5805,"Dragon bitter (2)",inventory,"Drink"
5807,"Dragon bitter (3)",inventory,"Drink"
5809,"Dragon bitter (4)",inventory,"Drink"
5811,"Moonlight mead (1)",inventory,"Drink"
5813,"Moonlight mead (2)",inventory,"Drink"
5815,"Moonlight mead (3)",inventory,"Drink"
5817,"Moonlight mead (4)",inventory,"Drink"
5819,"Axeman's folly (1)",inventory,"Drink"
5821,"Axeman's folly (2)",inventory,"Drink"
5823,"Axeman's folly (3)",inventory,"Drink"
5825,"Axeman's folly (4)",inventory,"Drink"
5827,"Chef's delight (1)",inventory,"Drink"
5829,"Chef's delight (2)",inventory,"Drink"
5831,"Chef's delight (3)",inventory,"Drink"
5833,"Chef's delight (4)",inventory,"Drink"
5835,"Slayer's respite (1)",inventory,"Drink"
5837,"Slayer's respite (2)",inventory,"Drink"
5839,"Slayer's respite (3)",inventory,"Drink"
5841,"Slayer's respite (4)",inventory,"Drink"
5843,"Cider (1)",inventory,"Drink"
5845,"Cider (2)",inventory,"Drink"
5847,"Cider (3)",inventory,"Drink"
5849,"Cider (4)",inventory,"Drink"
5851,"Dwarven stout (m1)",inventory,"Drink"
5853,"Dwarven stout (m2)",inventory,"Drink"
5855,"Dwarven stout (m3)",inventory,"Drink"
5857,"Dwarven stout (m4)",inventory,"Drink"
5859,"Asgarnian ale (m1)",inventory,"Drink"
5861,"Asgarnian ale (m2)",inventory,"Drink"
5863,"Asgarnian ale (m3)",inventory,"Drink"
5865,"Asgarnian ale (m4)",inventory,"Drink"
5867,"Greenman's ale (m1)",inventory,"Drink"
5869,"Greenman's ale (m2)",inventory,"Drink"
5871,"Greenman's ale (m3)",inventory,"Drink"
5873,"Greenman's ale (m4)",inventory,"Drink"
5875,"Mind bomb (m1)",inventory,"Drink"
5877,"Mind bomb (m2)",inventory,"Drink"
5879,"Mind bomb (m3)",inventory,"Drink"
5881,"Mind bomb (m4)",inventory,"Drink"
5883,"Dragon bitter (m1)",inventory,"Drink"
5885,"Dragon bitter (m2)",inventory,"Drink"
5887,"Dragon bitter (m3)",inventory,"Drink"
5889,"Dragon bitter (m4)",inventory,"Drink"
5891,"M'light mead (m1)",inventory,"Drink"
5893,"M'light mead (m2)",inventory,"Drink"
5895,"M'light mead (m3)",inventory,"Drink"
5897,"M'light mead (m4)",inventory,"Drink"
5899,"Axeman's folly (m1)",inventory,"Drink"
5901,"Axeman's folly (m2)",inventory,"Drink"
5903,"Axeman's folly (m3)",inventory,"Drink"
5905,"Axeman's folly (m4)",inventory,"Drink"
5907,"Chef's delight (m1)",inventory,"Drink"
5909,"Chef's delight (m2)",inventory,"Drink"
5911,"Chef's delight (m3)",inventory,"Drink"
5913,"Chef's delight (m4)",inventory,"Drink"
5915,"Slayer respite (m1)",inventory,"Drink"
5917,"Slayer respite (m2)",inventory,"Drink"
5919,"Slayer respite (m3)",inventory,"Drink"
5921,"Slayer respite (m4)",inventory,"Drink"
5923,"Cider (m1)",inventory,"Drink"
5925,"Cider (m2)",inventory,"Drink"
5927,"Cider (m3)",inventory,"Drink"
5929,"Cider (m4)",inventory,"Drink"
5982,"Watermelon",inventory,"Eat"
6040,"Amulet of nature",inventory,"Rub"
6040,"Amulet of nature",inventory,"Teleport"
6040,"Amulet of nature",inventory,"Contact-farmer"
6040,"Amulet of nature",worn,"Rub"
6071,"Mourner letter",inventory,"Read"
6073,"Prifddinas' history",inventory,"Read"
6075,"Eastern discovery",inventory,"Read"
6077,"Eastern settlement",inventory,"Read"
6079,"The great divide",inventory,"Read"
6082,"Fixed device",inventory,"Empty"
6099,"Teleport crystal (4)",inventory,"null"
6100,"Teleport crystal (3)",inventory,"null"
6101,"Teleport crystal (2)",inventory,"null"
6102,"Teleport crystal (1)",inventory,"null"
6118,"Kelda stout",inventory,"Drink"
6121,"Letter",inventory,"Read"
6125,"Enchanted lyre (2)",inventory,"Play"
6126,"Enchanted lyre (3)",inventory,"Play"
6127,"Enchanted lyre (4)",inventory,"Play"
6183,"Random event gift",inventory,"Open"
6202,"Fish-like thing",inventory,"Eat"
6206,"Fish-like thing",inventory,"Eat"
6215,"Broodoo shield (10)",inventory,"Remove-charge"
6217,"Broodoo shield (9)",inventory,"Remove-charge"
6219,"Broodoo shield (8)",inventory,"Remove-charge"
6221,"Broodoo shield (7)",inventory,"Remove-charge"
6223,"Broodoo shield (6)",inventory,"Remove-charge"
6225,"Broodoo shield (5)",inventory,"Remove-charge"
6227,"Broodoo shield (4)",inventory,"Remove-charge"
6229,"Broodoo shield (3)",inventory,"Remove-charge"
6231,"Broodoo shield (2)",inventory,"Remove-charge"
6233,"Broodoo shield (1)",inventory,"Remove-charge"
6237,"Broodoo shield (10)",inventory,"Remove-charge"
6239,"Broodoo shield (9)",inventory,"Remove-charge"
6241,"Broodoo shield (8)",inventory,"Remove-charge"
6243,"Broodoo shield (7)",inventory,"Remove-charge"
6245,"Broodoo shield (6)",inventory,"Remove-charge"
6247,"Broodoo shield (5)",inventory,"Remove-charge"
6249,"Broodoo shield (4)",inventory,"Remove-charge"
6251,"Broodoo shield (3)",inventory,"Remove-charge"
6253,"Broodoo shield (2)",inventory,"Remove-charge"
6255,"Broodoo shield (1)",inventory,"Remove-charge"
6259,"Broodoo shield (10)",inventory,"Remove-charge"
6261,"Broodoo shield (9)",inventory,"Remove-charge"
6263,"Broodoo shield (8)",inventory,"Remove-charge"
6265,"Broodoo shield (7)",inventory,"Remove-charge"
6267,"Broodoo shield (6)",inventory,"Remove-charge"
6269,"Broodoo shield (5)",inventory,"Remove-charge"
6271,"Broodoo shield (4)",inventory,"Remove-charge"
6273,"Broodoo shield (3)",inventory,"Remove-charge"
6275,"Broodoo shield (2)",inventory,"Remove-charge"
6277,"Broodoo shield (1)",inventory,"Remove-charge"
6311,"Gout tuber",inventory,"Eat"
6479,"List",inventory,"Read"
6541,"Mouse toy",worn,"Play"
6542,"Present",inventory,"Open"
6544,"Catspeak amulet (e)",inventory,"Open"
6544,"Catspeak amulet (e)",worn,"Open"
6545,"Chores",inventory,"Read"
6546,"Recipe",inventory,"Read"
6635,"Commorb",inventory,"Scan"
6635,"Commorb",inventory,"Contact"
6635,"Commorb",inventory,"Playback"
6648,"Item list",inventory,"Read"
6649,"Edern's journal",inventory,"Read"
6670,"Fishbowl",inventory,"Talk-at"
6670,"Fishbowl",inventory,"Play-with"
6670,"Fishbowl",inventory,"Feed"
6671,"Fishbowl",inventory,"Talk-at"
6671,"Fishbowl",inventory,"Play-with"
6671,"Fishbowl",inventory,"Feed"
6672,"Fishbowl",inventory,"Talk-at"
6672,"Fishbowl",inventory,"Play-with"
6672,"Fishbowl",inventory,"Feed"
6673,"Fishbowl and net",inventory,"Untangle"
6748,"Demonic sigil",inventory,"Chant"
6749,"Demonic tome",inventory,"Read"
6754,"Enchanted key",inventory,"Feel"
6755,"Journal",inventory,"Read"
6758,"Scroll",inventory,"Read"
6767,"Book",inventory,"Read"
6768,"Poisoned cheese",inventory,"Eat"
6769,"Music scroll",inventory,"Read"
6770,"Directions",inventory,"Read"
6774,"Rat pole",inventory,"Remove-rat"
6775,"Rat pole",inventory,"Remove-rat"
6776,"Rat pole",inventory,"Remove-rat"
6777,"Rat pole",inventory,"Remove-rat"
6778,"Rat pole",inventory,"Remove-rat"
6779,"Rat pole",inventory,"Remove-rat"
6793,"Ballad",inventory,"Read"
6798,"Champion's scroll",inventory,"Read"
6799,"Champion's scroll",inventory,"Read"
6800,"Champion's scroll",inventory,"Read"
6801,"Champion's scroll",inventory,"Read"
6802,"Champion's scroll",inventory,"Read"
6803,"Champion's scroll",inventory,"Read"
6804,"Champion's scroll",inventory,"Read"
6805,"Champion's scroll",inventory,"Read"
6806,"Champion's scroll",inventory,"Read"
6807,"Champion's scroll",inventory,"Read"
6808,"Champion's scroll",inventory,"Read"
6819,"Large pouch",inventory,"Fill"
6819,"Large pouch",inventory,"Empty"
6819,"Large pouch",inventory,"Check"
6852,"Puppet box",inventory,"Examine-closer"
6853,"Bauble box",inventory,"Examine-closer"
6885,"Progress hat",inventory,"Talk-to"
6885,"Progress hat",worn,"Talk-to"
6886,"Progress hat",inventory,"Talk-to"
6886,"Progress hat",worn,"Talk-to"
6887,"Progress hat",inventory,"Talk-to"
6887,"Progress hat",worn,"Talk-to"
6891,"Arena book",inventory,"Read"
6947,"Bert's rota",inventory,"Read"
6948,"Sandy's rota",inventory,"Read"
6950,"Magical orb",inventory,"Activate"
6966,"Prison key",inventory,"Return"
7053,"Lit bug lantern",inventory,"Extinguish"
7088,"Sweetcorn",inventory,"Eat"
7144,"Book o' piracy",inventory,"Read"
7162,"Pie recipe book",inventory,"Read"
7228,"Cooked chompy",inventory,"Eat"
7236,"Clue scroll (easy)",inventory,"Read"
7237,"Casket (easy)",inventory,"Open"
7238,"Clue scroll (easy)",inventory,"Read"
7239,"Clue scroll (hard)",inventory,"Read"
7240,"Casket (hard)",inventory,"Open"
7241,"Clue scroll (hard)",inventory,"Read"
7242,"Casket (hard)",inventory,"Open"
7243,"Clue scroll (hard)",inventory,"Read"
7244,"Casket (hard)",inventory,"Open"
7245,"Clue scroll (hard)",inventory,"Read"
7246,"Casket (hard)",inventory,"Open"
7247,"Clue scroll (hard)",inventory,"Read"
7248,"Clue scroll (hard)",inventory,"Read"
7249,"Clue scroll (hard)",inventory,"Read"
7250,"Clue scroll (hard)",inventory,"Read"
7251,"Clue scroll (hard)",inventory,"Read"
7252,"Clue scroll (hard)",inventory,"Read"
7253,"Clue scroll (hard)",inventory,"Read"
7254,"Clue scroll (hard)",inventory,"Read"
7255,"Clue scroll (hard)",inventory,"Read"
7256,"Clue scroll (hard)",inventory,"Read"
7257,"Casket (hard)",inventory,"Open"
7258,"Clue scroll (hard)",inventory,"Read"
7259,"Casket (hard)",inventory,"Open"
7260,"Clue scroll (hard)",inventory,"Read"
7261,"Casket (hard)",inventory,"Open"
7262,"Clue scroll (hard)",inventory,"Read"
7263,"Casket (hard)",inventory,"Open"
7264,"Clue scroll (hard)",inventory,"Read"
7265,"Casket (hard)",inventory,"Open"
7266,"Clue scroll (hard)",inventory,"Read"
7267,"Casket (hard)",inventory,"Open"
7268,"Clue scroll (hard)",inventory,"Read"
7269,"Challenge scroll",inventory,"Read"
7270,"Clue scroll (hard)",inventory,"Read"
7271,"Challenge scroll",inventory,"Read"
7272,"Clue scroll (hard)",inventory,"Read"
7273,"Challenge scroll",inventory,"Read"
7274,"Clue scroll (medium)",inventory,"Read"
7275,"Challenge scroll",inventory,"Read"
7276,"Clue scroll (medium)",inventory,"Read"
7277,"Challenge scroll",inventory,"Read"
7278,"Clue scroll (medium)",inventory,"Read"
7279,"Challenge scroll",inventory,"Read"
7280,"Clue scroll (medium)",inventory,"Read"
7281,"Challenge scroll",inventory,"Read"
7282,"Clue scroll (medium)",inventory,"Read"
7283,"Challenge scroll",inventory,"Read"
7284,"Clue scroll (medium)",inventory,"Read"
7285,"Challenge scroll",inventory,"Read"
7286,"Clue scroll (medium)",inventory,"Read"
7287,"Casket (medium)",inventory,"Open"
7288,"Clue scroll (medium)",inventory,"Read"
7289,"Casket (medium)",inventory,"Open"
7290,"Clue scroll (medium)",inventory,"Read"
7291,"Casket (medium)",inventory,"Open"
7292,"Clue scroll (medium)",inventory,"Read"
7293,"Casket (medium)",inventory,"Open"
7294,"Clue scroll (medium)",inventory,"Read"
7295,"Casket (medium)",inventory,"Open"
7296,"Clue scroll (medium)",inventory,"Read"
7298,"Clue scroll (medium)",inventory,"Read"
7300,"Clue scroll (medium)",inventory,"Read"
7301,"Clue scroll (medium)",inventory,"Read"
7303,"Clue scroll (medium)",inventory,"Read"
7304,"Clue scroll (medium)",inventory,"Read"
7305,"Clue scroll (medium)",inventory,"Read"
7306,"Casket (medium)",inventory,"Open"
7307,"Clue scroll (medium)",inventory,"Read"
7308,"Casket (medium)",inventory,"Open"
7309,"Clue scroll (medium)",inventory,"Read"
7310,"Casket (medium)",inventory,"Open"
7311,"Clue scroll (medium)",inventory,"Read"
7312,"Casket (medium)",inventory,"Open"
7313,"Clue scroll (medium)",inventory,"Read"
7314,"Casket (medium)",inventory,"Open"
7315,"Clue scroll (medium)",inventory,"Read"
7316,"Casket (medium)",inventory,"Open"
7317,"Clue scroll (medium)",inventory,"Read"
7318,"Casket (medium)",inventory,"Open"
7411,"Symptoms list",inventory,"Read"
7413,"Bird's nest",inventory,"Search"
7464,"Book on chickens",inventory,"Read"
7478,"Dragon token",inventory,"Rub"
7479,"Spicy stew",inventory,"Smell"
7497,"Dirty blast",inventory,"Drink"
7508,"Asgoldian ale",inventory,"Drink"
7509,"Dwarven rock cake",inventory,"Eat"
7510,"Dwarven rock cake",inventory,"Eat"
7564,"Balloon toad",inventory,"Release-all"
7565,"Balloon toad",inventory,"Release-all"
7587,"Coffin",inventory,"Check"
7588,"Coffin",inventory,"Check"
7589,"Coffin",inventory,"Check"
7590,"Coffin",inventory,"Check"
7591,"Coffin",inventory,"Check"
7622,"Bucket of rubble",inventory,"Empty"
7624,"Bucket of rubble",inventory,"Empty"
7626,"Bucket of rubble",inventory,"Empty"
7628,"Plaster fragment",inventory,"Read"
7629,"Dusty scroll",inventory,"Read"
7630,"Crate",inventory,"Search"
7633,"Ancient tome",inventory,"Read"
7634,"Battered tome",inventory,"Read"
7635,"Leather book",inventory,"Read"
7637,"Silvthrill rod",inventory,"Look-at"
7638,"Silvthrill rod",inventory,"Look-at"
7677,"Treasure stone",inventory,"Feel"
7681,"Game book",inventory,"Read"
7730,"Cup of tea",inventory,"Drink"
7731,"Cup of tea",inventory,"Drink"
7733,"Cup of tea",inventory,"Drink"
7734,"Cup of tea",inventory,"Drink"
7736,"Cup of tea",inventory,"Drink"
7737,"Cup of tea",inventory,"Drink"
7759,"Toy soldier",inventory,"Wind"
7763,"Toy doll",inventory,"Wind"
7767,"Toy mouse",inventory,"Wind"
7774,"Reward token",inventory,"Claim-reward"
7775,"Reward token",inventory,"Claim-reward"
7776,"Reward token",inventory,"Claim-reward"
7778,"Short vine",inventory,"Tie-together"
7779,"Fishing tome",inventory,"Read"
7780,"Fishing tome",inventory,"Read"
7781,"Fishing tome",inventory,"Read"
7782,"Agility tome",inventory,"Read"
7783,"Agility tome",inventory,"Read"
7784,"Agility tome",inventory,"Read"
7785,"Thieving tome",inventory,"Read"
7786,"Thieving tome",inventory,"Read"
7787,"Thieving tome",inventory,"Read"
7788,"Slayer tome",inventory,"Read"
7789,"Slayer tome",inventory,"Read"
7790,"Slayer tome",inventory,"Read"
7791,"Mining tome",inventory,"Read"
7792,"Mining tome",inventory,"Read"
7793,"Mining tome",inventory,"Read"
7794,"Firemaking tome",inventory,"Read"
7795,"Firemaking tome",inventory,"Read"
7796,"Firemaking tome",inventory,"Read"
7797,"Woodcutting tome",inventory,"Read"
7798,"Woodcutting tome",inventory,"Read"
7799,"Woodcutting tome",inventory,"Read"
7922,"Al kharid flyer",inventory,"Read"
7928,"Easter egg",inventory,"Eat"
7929,"Easter egg",inventory,"Eat"
7930,"Easter egg",inventory,"Eat"
7931,"Easter egg",inventory,"Eat"
7932,"Easter egg",inventory,"Eat"
7933,"Easter egg",inventory,"Eat"
7950,"Bone seeds",inventory,"Open"
7951,"Herman's book",inventory,"Read"
7961,"Burnt diary",inventory,"Read"
7962,"Burnt diary",inventory,"Read"
7963,"Burnt diary",inventory,"Read"
7964,"Burnt diary",inventory,"Read"
7965,"Burnt diary",inventory,"Read"
7966,"Letter",inventory,"Read"
7968,"Scroll",inventory,"Read"
7972,"Lift manual",inventory,"Read"
7974,"Servant bell",inventory,"Ring"
8016,"Enchant sapphire",inventory,"Break"
8017,"Enchant emerald",inventory,"Break"
8018,"Enchant ruby",inventory,"Break"
8019,"Enchant diamond",inventory,"Break"
8020,"Enchant dragonstn.",inventory,"Break"
8021,"Enchant onyx",inventory,"Break"
8022,"Telekinetic grab",inventory,"Break"
8463,"Construction guide",inventory,"Read"
8865,"Ground ashes",inventory,"Dust-hands"
8901,"Black mask (10)",inventory,"Remove-charge"
8903,"Black mask (9)",inventory,"Remove-charge"
8905,"Black mask (8)",inventory,"Remove-charge"
8907,"Black mask (7)",inventory,"Remove-charge"
8909,"Black mask (6)",inventory,"Remove-charge"
8911,"Black mask (5)",inventory,"Remove-charge"
8913,"Black mask (4)",inventory,"Remove-charge"
8915,"Black mask (3)",inventory,"Remove-charge"
8917,"Black mask (2)",inventory,"Remove-charge"
8919,"Black mask (1)",inventory,"Remove-charge"
8940,"Rum",inventory,"Drink"
8941,"Rum",inventory,"Drink"
8942,"Monkey",inventory,"Talk-To"
8943,"Blue monkey",inventory,"Talk-To"
8944,"Blue monkey",inventory,"Talk-To"
8945,"Blue monkey",inventory,"Talk-To"
8946,"Red monkey",inventory,"Talk-To"
8947,"Red monkey",inventory,"Talk-To"
8948,"Red monkey",inventory,"Talk-To"
8989,"Brewin' guide",inventory,"Read"
9003,"Security book",inventory,"Read"
9004,"Stronghold notes",inventory,"Read"
9013,"Skull sceptre",inventory,"Divine"
9025,"Nuff's certificate",inventory,"Read"
9025,"Nuff's certificate",inventory,"Study"
9078,"Moonclan manual",inventory,"Read"
9433,"Bolt pouch",inventory,"Open"
9469,"Grand seed pod",inventory,"Launch"
9474,"Reward token",inventory,"Check"
9474,"Reward token",inventory,"Activate"
9477,"Aluft aloft box",inventory,"Check"
9508,"Wizard blizzard",inventory,"Drink"
9508,"Wizard blizzard",inventory,"Empty"
9527,"Fruit batta",inventory,"Eat"
9529,"Toad batta",inventory,"Eat"
9531,"Worm batta",inventory,"Eat"
9533,"Vegetable batta",inventory,"Eat"
9535,"Cheese+tom batta",inventory,"Eat"
9538,"Toad crunchies",inventory,"Eat"
9540,"Spicy crunchies",inventory,"Eat"
9542,"Worm crunchies",inventory,"Eat"
9544,"Chocchip crunchies",inventory,"Eat"
9547,"Worm hole",inventory,"Eat"
9549,"Veg ball",inventory,"Eat"
9551,"Tangled toads' legs",inventory,"Eat"
9553,"Chocolate bomb",inventory,"Eat"
9566,"Mixed blizzard",inventory,"Pour"
9567,"Mixed sgg",inventory,"Pour"
9568,"Mixed blast",inventory,"Pour"
9569,"Mixed punch",inventory,"Pour"
9570,"Mixed blurberry special",inventory,"Pour"
9571,"Mixed saturday",inventory,"Pour"
9573,"Mixed saturday",inventory,"Add-ingreds"
9574,"Mixed dragon",inventory,"Pour"
9575,"Mixed dragon",inventory,"Add-ingreds"
9589,"Dossier",inventory,"Read"
9595,"Hazelmere's book",inventory,"Read"
9627,"A handwritten book",inventory,"Read"
9633,"Message",inventory,"Read"
9646,"Castle sketch 1",inventory,"Look-at"
9647,"Castle sketch 2",inventory,"Look-at"
9648,"Castle sketch 3",inventory,"Look-at"
9649,"Message",inventory,"Read"
9652,"Haemalchemy",inventory,"Read"
9653,"Sealed message",inventory,"Read"
9656,"Tome of xp (3)",inventory,"Read"
9657,"Tome of xp (2)",inventory,"Read"
9658,"Tome of xp (1)",inventory,"Read"
9681,"Commorb v2",inventory,"Scan"
9681,"Commorb v2",inventory,"Contact"
9681,"Commorb v2",inventory,"Playback"
9684,"Page 1",inventory,"Read"
9684,"Page 1",inventory,"Shape-Earth"
9684,"Page 1",inventory,"Shape-Air"
9685,"Page 2",inventory,"Read"
9685,"Page 2",inventory,"Shape-Fire"
9685,"Page 2",inventory,"Shape-Water"
9686,"Page 3",inventory,"Read"
9686,"Page 3",inventory,"Shape-Mind"
9715,"Slashed book",inventory,"Read"
9717,"Beaten book",inventory,"Read"
9718,"Crane schematic",inventory,"Read"
9719,"Lever schematic",inventory,"Read"
9721,"Scroll",inventory,"Read"
9747,"Attack cape",worn,"Boost"
9748,"Attack cape (t)",worn,"Boost"
9750,"Strength cape",worn,"Boost"
9751,"Strength cape (t)",worn,"Boost"
9753,"Defence cape",worn,"Boost"
9754,"Defence cape (t)",worn,"Boost"
9756,"Ranging cape",worn,"Boost"
9757,"Ranging cape (t)",worn,"Boost"
9759,"Prayer cape",worn,"Boost"
9760,"Prayer cape (t)",worn,"Boost"
9762,"Magic cape",worn,"Boost"
9763,"Magic cape (t)",worn,"Boost"
9765,"Runecraft cape",worn,"Boost"
9766,"Runecraft cape (t)",worn,"Boost"
9768,"Constitution cape",worn,"Boost"
9769,"Constitution cape (t)",worn,"Boost"
9771,"Agility cape",worn,"Boost"
9772,"Agility cape (t)",worn,"Boost"
9774,"Herblore cape",worn,"Boost"
9775,"Herblore cape (t)",worn,"Boost"
9777,"Thieving cape",worn,"Boost"
9778,"Thieving cape (t)",worn,"Boost"
9780,"Crafting cape",worn,"Boost"
9781,"Crafting cape (t)",worn,"Boost"
9783,"Fletching cape",worn,"Boost"
9784,"Fletching cape (t)",worn,"Boost"
9786,"Slayer cape",worn,"Boost"
9787,"Slayer cape (t)",worn,"Boost"
9789,"Construct. cape",worn,"Boost"
9790,"Construct. cape (t)",worn,"Boost"
9792,"Mining cape",worn,"Boost"
9793,"Mining cape (t)",worn,"Boost"
9795,"Smithing cape",worn,"Boost"
9796,"Smithing cape (t)",worn,"Boost"
9798,"Fishing cape",worn,"Boost"
9799,"Fishing cape (t)",worn,"Boost"
9801,"Cooking cape",worn,"Boost"
9802,"Cooking cape (t)",worn,"Boost"
9804,"Firemaking cape",worn,"Boost"
9805,"Firemaking cape (t)",worn,"Boost"
9807,"Woodcutting cape",worn,"Boost"
9808,"Woodcut. cape (t)",worn,"Boost"
9810,"Farming cape",worn,"Boost"
9811,"Farming cape (t)",worn,"Boost"
9903,"Farming manual",inventory,"Read"
9906,"Ghost buster 500",inventory,"Empty"
9907,"Ghost buster 500",inventory,"Empty"
9908,"Ghost buster 500",inventory,"Empty"
9909,"Ghost buster 500",inventory,"Empty"
9910,"Ghost buster 500",inventory,"Empty"
9911,"Ghost buster 500",inventory,"Empty"
9913,"White destabiliser",inventory,"Load"
9914,"Red destabiliser",inventory,"Load"
9915,"Blue destabiliser",inventory,"Load"
9916,"Green destabiliser",inventory,"Load"
9917,"Yellow destabiliser",inventory,"Load"
9918,"Black destabiliser",inventory,"Load"
9946,"Cap and goggles",inventory,"Split"
9948,"Hunter cape",worn,"Boost"
9949,"Hunter cape (t)",worn,"Boost"
10025,"Magic box",inventory,"Activate"
10027,"Imp-in-a-box (2)",inventory,"Talk-to"
10027,"Imp-in-a-box (2)",inventory,"Bank"
10028,"Imp-in-a-box (1)",inventory,"Talk-to"
10028,"Imp-in-a-box (1)",inventory,"Bank"
10031,"Rabbit snare",inventory,"Lay"
10075,"Gloves of silence",inventory,"Check"
10075,"Gloves of silence",worn,"Check"
10173,"Bird book",inventory,"Read"
10179,"Feathered journal",inventory,"Read"
10180,"Clue scroll (easy)",inventory,"Read"
10181,"Casket (easy)",inventory,"Open"
10182,"Clue scroll (easy)",inventory,"Read"
10183,"Casket (easy)",inventory,"Open"
10184,"Clue scroll (easy)",inventory,"Read"
10185,"Casket (easy)",inventory,"Open"
10186,"Clue scroll (easy)",inventory,"Read"
10187,"Casket (easy)",inventory,"Open"
10188,"Clue scroll (easy)",inventory,"Read"
10189,"Casket (easy)",inventory,"Open"
10190,"Clue scroll (easy)",inventory,"Read"
10191,"Casket (easy)",inventory,"Open"
10192,"Clue scroll (easy)",inventory,"Read"
10193,"Casket (easy)",inventory,"Open"
10194,"Clue scroll (easy)",inventory,"Read"
10195,"Casket (easy)",inventory,"Open"
10196,"Clue scroll (easy)",inventory,"Read"
10197,"Casket (easy)",inventory,"Open"
10198,"Clue scroll (easy)",inventory,"Read"
10199,"Casket (easy)",inventory,"Open"
10200,"Clue scroll (easy)",inventory,"Read"
10201,"Casket (easy)",inventory,"Open"
10202,"Clue scroll (easy)",inventory,"Read"
10203,"Casket (easy)",inventory,"Open"
10204,"Clue scroll (easy)",inventory,"Read"
10205,"Casket (easy)",inventory,"Open"
10206,"Clue scroll (easy)",inventory,"Read"
10207,"Casket (easy)",inventory,"Open"
10208,"Clue scroll (easy)",inventory,"Read"
10209,"Casket (easy)",inventory,"Open"
10210,"Clue scroll (easy)",inventory,"Read"
10211,"Casket (easy)",inventory,"Open"
10212,"Clue scroll (easy)",inventory,"Read"
10213,"Casket (easy)",inventory,"Open"
10214,"Clue scroll (easy)",inventory,"Read"
10215,"Casket (easy)",inventory,"Open"
10216,"Clue scroll (easy)",inventory,"Read"
10217,"Casket (easy)",inventory,"Open"
10218,"Clue scroll (easy)",inventory,"Read"
10219,"Casket (easy)",inventory,"Open"
10220,"Clue scroll (easy)",inventory,"Read"
10221,"Casket (easy)",inventory,"Open"
10222,"Clue scroll (easy)",inventory,"Read"
10223,"Casket (easy)",inventory,"Open"
10224,"Clue scroll (easy)",inventory,"Read"
10225,"Casket (easy)",inventory,"Open"
10226,"Clue scroll (easy)",inventory,"Read"
10227,"Casket (easy)",inventory,"Open"
10228,"Clue scroll (easy)",inventory,"Read"
10229,"Casket (easy)",inventory,"Open"
10230,"Clue scroll (easy)",inventory,"Read"
10231,"Casket (easy)",inventory,"Open"
10232,"Clue scroll (easy)",inventory,"Read"
10233,"Casket (easy)",inventory,"Open"
10234,"Clue scroll (hard)",inventory,"Read"
10235,"Casket (hard)",inventory,"Open"
10236,"Clue scroll (hard)",inventory,"Read"
10237,"Casket (hard)",inventory,"Open"
10238,"Clue scroll (hard)",inventory,"Read"
10239,"Casket (hard)",inventory,"Open"
10240,"Clue scroll (hard)",inventory,"Read"
10241,"Casket (hard)",inventory,"Open"
10242,"Clue scroll (hard)",inventory,"Read"
10243,"Casket (hard)",inventory,"Open"
10244,"Clue scroll (hard)",inventory,"Read"
10245,"Casket (hard)",inventory,"Open"
10246,"Clue scroll (hard)",inventory,"Read"
10247,"Casket (hard)",inventory,"Open"
10248,"Clue scroll (hard)",inventory,"Read"
10249,"Casket (hard)",inventory,"Open"
10250,"Clue scroll (hard)",inventory,"Read"
10251,"Casket (hard)",inventory,"Open"
10252,"Clue scroll (hard)",inventory,"Read"
10253,"Casket (hard)",inventory,"Open"
10254,"Clue scroll (medium)",inventory,"Read"
10255,"Casket (medium)",inventory,"Open"
10256,"Clue scroll (medium)",inventory,"Read"
10257,"Casket (medium)",inventory,"Open"
10258,"Clue scroll (medium)",inventory,"Read"
10259,"Casket (medium)",inventory,"Open"
10260,"Clue scroll (medium)",inventory,"Read"
10261,"Casket (medium)",inventory,"Open"
10262,"Clue scroll (medium)",inventory,"Read"
10263,"Casket (medium)",inventory,"Open"
10264,"Clue scroll (medium)",inventory,"Read"
10265,"Casket (medium)",inventory,"Open"
10266,"Clue scroll (medium)",inventory,"Read"
10267,"Casket (medium)",inventory,"Open"
10268,"Clue scroll (medium)",inventory,"Read"
10269,"Casket (medium)",inventory,"Open"
10270,"Clue scroll (medium)",inventory,"Read"
10271,"Casket (medium)",inventory,"Open"
10272,"Clue scroll (medium)",inventory,"Read"
10273,"Casket (medium)",inventory,"Open"
10274,"Clue scroll (medium)",inventory,"Read"
10275,"Casket (medium)",inventory,"Open"
10276,"Clue scroll (medium)",inventory,"Read"
10277,"Casket (medium)",inventory,"Open"
10278,"Clue scroll (medium)",inventory,"Read"
10279,"Casket (medium)",inventory,"Open"
10492,"Research notes",inventory,"Translate"
10498,"Ava's attractor",inventory,"Toggle"
10498,"Ava's attractor",worn,"Toggle"
10499,"Ava's accumulator",inventory,"Toggle"
10499,"Ava's accumulator",worn,"Toggle"
10507,"Reindeer hat",worn,"Emote"
10508,"Wintumber tree",inventory,"Plant"
10512,"Scroll",inventory,"Read"
10512,"Scroll",inventory,"Write-Role"
10512,"Scroll",inventory,"Clear"
10516,"Attacker horn",inventory,"Tell-red"
10516,"Attacker horn",inventory,"Tell-green"
10516,"Attacker horn",inventory,"Tell-blue"
10516,"Attacker horn",inventory,"Medic"
10517,"Attacker horn",inventory,"Tell-red"
10517,"Attacker horn",inventory,"Tell-green"
10517,"Attacker horn",inventory,"Tell-blue"
10517,"Attacker horn",inventory,"Medic"
10518,"Attacker horn",inventory,"Tell-red"
10518,"Attacker horn",inventory,"Tell-green"
10518,"Attacker horn",inventory,"Tell-blue"
10518,"Attacker horn",inventory,"Medic"
10519,"Attacker horn",inventory,"Tell-red"
10519,"Attacker horn",inventory,"Tell-green"
10519,"Attacker horn",inventory,"Tell-blue"
10519,"Attacker horn",inventory,"Medic"
10520,"Attacker horn",inventory,"Tell-red"
10520,"Attacker horn",inventory,"Tell-green"
10520,"Attacker horn",inventory,"Tell-blue"
10520,"Attacker horn",inventory,"Medic"
10521,"Collection bag",inventory,"Look-in"
10521,"Collection bag",inventory,"Empty"
10522,"Collection bag",inventory,"Look-in"
10522,"Collection bag",inventory,"Empty"
10523,"Collection bag",inventory,"Look-in"
10523,"Collection bag",inventory,"Empty"
10524,"Collection bag",inventory,"Look-in"
10524,"Collection bag",inventory,"Empty"
10525,"Collection bag",inventory,"Look-in"
10525,"Collection bag",inventory,"Empty"
10526,"Healer horn",inventory,"Tell-tofu"
10526,"Healer horn",inventory,"Tell-crackers"
10526,"Healer horn",inventory,"Tell-worms"
10526,"Healer horn",inventory,"Medic"
10527,"Healer horn",inventory,"Tell-tofu"
10527,"Healer horn",inventory,"Tell-crackers"
10527,"Healer horn",inventory,"Tell-worms"
10527,"Healer horn",inventory,"Medic"
10528,"Healer horn",inventory,"Tell-tofu"
10528,"Healer horn",inventory,"Tell-crackers"
10528,"Healer horn",inventory,"Tell-worms"
10528,"Healer horn",inventory,"Medic"
10529,"Healer horn",inventory,"Tell-tofu"
10529,"Healer horn",inventory,"Tell-crackers"
10529,"Healer horn",inventory,"Tell-worms"
10529,"Healer horn",inventory,"Medic"
10530,"Healer horn",inventory,"Tell-tofu"
10530,"Healer horn",inventory,"Tell-crackers"
10530,"Healer horn",inventory,"Tell-worms"
10530,"Healer horn",inventory,"Medic"
10538,"Defender horn",inventory,"Tell-tofu"
10538,"Defender horn",inventory,"Tell-worms"
10538,"Defender horn",inventory,"Tell-meat"
10538,"Defender horn",inventory,"Medic"
10560,"Collector horn",inventory,"Tell-style1"
10560,"Collector horn",inventory,"Tell-style2"
10560,"Collector horn",inventory,"Tell-style3"
10560,"Collector horn",inventory,"Tell-style4"
10560,"Collector horn",inventory,"Medic"
10562,"Queen help book",inventory,"Read"
10585,"Parchment",inventory,"Read"
10586,"Combat lamp",inventory,"Rub"
10587,"Tarn's diary",inventory,"Read"
10592,"Penguin bongos",inventory,"Play"
10593,"Cowbells",inventory,"Play"
10594,"Clockwork book",inventory,"Read"
10595,"Clockwork suit",inventory,"Wind"
10597,"Mission report",inventory,"Read"
10598,"Mission report",inventory,"Read"
10599,"Mission report",inventory,"Read"
10719,"Amulet of glory (t)",inventory,"Rub"
10730,"Blue marionette",inventory,"Jump"
10730,"Blue marionette",inventory,"Walk"
10730,"Blue marionette",inventory,"Bow"
10730,"Blue marionette",inventory,"Dance"
10731,"Zombie head",inventory,"Talk-At"
10731,"Zombie head",inventory,"Display"
10731,"Zombie head",inventory,"Question"
10732,"Rubber chicken",inventory,"Dance"
10829,"Documents",inventory,"Open note"
10831,"Empty tax bag",inventory,"Check tax"
10832,"Light tax bag",inventory,"Check tax"
10833,"Normal tax bag",inventory,"Check tax"
10834,"Hefty tax bag",inventory,"Check tax"
10835,"Bulging taxbag",inventory,"Check taxes"
10859,"Tea flask",inventory,"Drink"
10859,"Tea flask",inventory,"Look-in"
10877,"Plain satchel",inventory,"Inspect"
10877,"Plain satchel",inventory,"Empty"
10878,"Green satchel",inventory,"Inspect"
10878,"Green satchel",inventory,"Empty"
10879,"Red satchel",inventory,"Inspect"
10879,"Red satchel",inventory,"Empty"
10880,"Black satchel",inventory,"Inspect"
10880,"Black satchel",inventory,"Empty"
10881,"Gold satchel",inventory,"Inspect"
10881,"Gold satchel",inventory,"Empty"
10882,"Rune satchel",inventory,"Inspect"
10882,"Rune satchel",inventory,"Empty"
10889,"Blessed lamp",inventory,"Pray-over"
10890,"Prayer book",inventory,"Read"
10890,"Prayer book",inventory,"Recite-prayer"
10896,"Wolf whistle",inventory,"Blow"
10934,"Reward token",inventory,"Look-at"
10935,"Reward token",inventory,"Look-at"
10936,"Reward token",inventory,"Look-at"
10942,"Reward token",inventory,"Look-at"
10943,"Reward token",inventory,"Look-at"
10944,"Reward token",inventory,"Look-at"
10952,"Slayer bell",inventory,"Ring"
10972,"Dorgesh-kaan sphere",inventory,"Break"
10976,"Long bone",inventory,"Bury"
10977,"Curved bone",inventory,"Bury"
10999,"Goblin book",inventory,"Read"
11001,"Dagon'hai history",inventory,"Read"
11002,"Sin'keth's diary",inventory,"Read"
11003,"An empty folder",inventory,"Read"
11006,"Used folder",inventory,"Read"
11007,"Full folder",inventory,"Read"
11008,"Rat's paper",inventory,"Read"
11009,"Rat's letter",inventory,"Read"
11010,"Surok's letter",inventory,"Read"
11011,"Zaff's instructions",inventory,"Read"
11014,"Beacon ring",inventory,"Summon"
11014,"Beacon ring",worn,"Summon"
11023,"Magic egg",inventory,"Eat"
11026,"Chocolate kebbit",inventory,"Eat"
11034,"Sven's last map",inventory,"Read"
11036,"Parchment",inventory,"Read"
11060,"Goblin village sphere",inventory,"Break"
11074,"Bracelet of clay",worn,"Check"
11079,"Castle wars brace (3)",worn,"Check"
11081,"Castle wars brace (2)",worn,"Check"
11083,"Castle wars brace (1)",worn,"Check"
11088,"Inoculation brace",worn,"Check"
11157,"Dreamy lamp",inventory,"Rub"
11158,"Cyrisus's chest",inventory,"Look-in"
11159,"Hunter kit",inventory,"Open"
11169,"Newspaper",inventory,"Read"
11171,"Newspaper",inventory,"Read"
11173,"Half certificate",inventory,"Read"
11174,"Half certificate",inventory,"Read"
11184,"Museum map",inventory,"Look-at"
11198,"Music sheet",inventory,"Read"
11202,"Shrinking recipe",inventory,"Read"
11203,"To-do list",inventory,"Read"
11204,"Shrink-me-quick",inventory,"Drink"
11205,"Shrunk ogleroot",inventory,"Eat"
11256,"Dragon impling jar",inventory,"Loot"
11258,"Jar generator",inventory,"Butterfly-jar"
11258,"Jar generator",inventory,"Impling-jar"
11258,"Jar generator",inventory,"Check"
11271,"Picture",inventory,"Empty"
11273,"Impling scroll",inventory,"Toggle-view"
11283,"Dragonfire shield",worn,"Activate"
11284,"Dragonfire shield",inventory,"Inspect"
11284,"Dragonfire shield",worn,"Activate"
11339,"My notes",inventory,"Read"
11341,"Ancient page",inventory,"Copy to log"
11342,"Ancient page",inventory,"Copy to log"
11343,"Ancient page",inventory,"Copy to log"
11344,"Ancient page",inventory,"Copy to log"
11345,"Ancient page",inventory,"Copy to log"
11346,"Ancient page",inventory,"Copy to log"
11347,"Ancient page",inventory,"Copy to log"
11348,"Ancient page",inventory,"Copy to log"
11349,"Ancient page",inventory,"Copy to log"
11350,"Ancient page",inventory,"Copy to log"
11351,"Ancient page",inventory,"Copy to log"
11352,"Ancient page",inventory,"Copy to log"
11353,"Ancient page",inventory,"Copy to log"
11354,"Ancient page",inventory,"Copy to log"
11355,"Ancient page",inventory,"Copy to log"
11356,"Ancient page",inventory,"Copy to log"
11357,"Ancient page",inventory,"Copy to log"
11358,"Ancient page",inventory,"Copy to log"
11359,"Ancient page",inventory,"Copy to log"
11360,"Ancient page",inventory,"Copy to log"
11361,"Ancient page",inventory,"Copy to log"
11362,"Ancient page",inventory,"Copy to log"
11363,"Ancient page",inventory,"Copy to log"
11364,"Ancient page",inventory,"Copy to log"
11365,"Ancient page",inventory,"Copy to log"
11366,"Ancient page",inventory,"Copy to log"
11640,"Book of knowledge",inventory,"Read"
11656,"Glassblowing book",inventory,"Read"
11677,"Explorer's notes",inventory,"Read"
11680,"Address form",inventory,"Read"
11681,"Scrap paper",inventory,"Read"
11734,"Knight's notes",inventory,"Read"
11735,"Knight's notes",inventory,"Read"
11749,"Crystal chime",inventory,"Ring"
11750,"Yewnock's notes",inventory,"Read"
11761,"Locked diary",inventory,"Unlock"
11762,"Unlocked diary",inventory,"Read"
11780,"The grim reaper's diary",inventory,"Read"
11794,"Plain of mud sphere",inventory,"Break"
11802,"Snothead's bone",inventory,"Bury"
11803,"Snailfeet's bone",inventory,"Bury"
11804,"Mosschin's bone",inventory,"Bury"
11805,"Redeyes's bone",inventory,"Bury"
11806,"Strongbones's bone",inventory,"Bury"
11809,"Goblin potion (4)",inventory,"Drink"
11810,"Goblin potion (3)",inventory,"Drink"
11811,"Goblin potion (2)",inventory,"Drink"
11812,"Goblin potion (1)",inventory,"Drink"
11949,"Snow globe",inventory,"Shake"
11950,"Snow globe",inventory,"Shake"
11966,"Bird's nest",inventory,"Search"
11969,"Enchanted water tiara",worn,"Charges"
11973,"Scabaras research",inventory,"Read"
11975,"Scabarite notes",inventory,"Copy to log"
11976,"Scabarite notes",inventory,"Copy to log"
11977,"Scabarite notes",inventory,"Copy to log"
11978,"Scabarite notes",inventory,"Copy to log"
11979,"Scabarite notes",inventory,"Copy to log"
11980,"Scabarite notes",inventory,"Copy to log"
11981,"Scabarite notes",inventory,"Copy to log"
11982,"Scabarite notes",inventory,"Copy to log"
11983,"Scabarite notes",inventory,"Copy to log"
11984,"Scabarite notes",inventory,"Copy to log"
11985,"Scabarite notes",inventory,"Copy to log"
11986,"Scabarite notes",inventory,"Copy to log"
11987,"Scabarite notes",inventory,"Copy to log"
11988,"Scabarite notes",inventory,"Copy to log"
11989,"Scabarite notes",inventory,"Copy to log"
11990,"Scabarite notes",inventory,"Copy to log"
11991,"Scabarite notes",inventory,"Copy to log"
11992,"Scabarite notes",inventory,"Copy to log"
11993,"Scabarite notes",inventory,"Copy to log"
12132,"Truffle",inventory,"Eat"
12169,"Summoning cape",worn,"Boost"
12170,"Summoning cape (t)",worn,"Boost"
12526,"Spirit wolf pouch",inventory,"Summon"
12558,"Mud",inventory,"Apply"
12578,"Smouldering fever grass",inventory,"Extinguish"
12579,"Smouldering lavender",inventory,"Extinguish"
12580,"Smouldering tansymum",inventory,"Extinguish"
12593,"Catapult schematics",inventory,"Read"
12594,"Engineer's letter",inventory,"Read"
12608,"Amulet of farming (1)",inventory,"Rub"
12608,"Amulet of farming (1)",worn,"Rub"
12610,"Amulet of farming (2)",inventory,"Rub"
12610,"Amulet of farming (2)",worn,"Rub"
12612,"Amulet of farming (3)",inventory,"Rub"
12612,"Amulet of farming (3)",worn,"Rub"
12614,"Amulet of farming (4)",inventory,"Rub"
12614,"Amulet of farming (4)",worn,"Rub"
12616,"Amulet of farming (5)",inventory,"Rub"
12616,"Amulet of farming (5)",worn,"Rub"
12618,"Amulet of farming (6)",inventory,"Rub"
12618,"Amulet of farming (6)",worn,"Rub"
12620,"Amulet of farming (7)",inventory,"Rub"
12620,"Amulet of farming (7)",worn,"Rub"
12622,"Amulet of farming (8)",inventory,"Rub"
12622,"Amulet of farming (8)",worn,"Rub"
12626,"Test paper",inventory,"Take Exam"
12632,"Note",inventory,"Read"
12635,"Easter egg",inventory,"Eat"
12636,"Easter egg",inventory,"Eat"
12637,"Easter egg",inventory,"Eat"
12638,"Easter egg",inventory,"Eat"
12639,"Easter egg",inventory,"Eat"
12640,"Easter egg",inventory,"Eat"
12641,"Easter egg",inventory,"Eat"
12642,"Easter egg",inventory,"Eat"
12643,"Easter egg",inventory,"Eat"
12645,"Chocatrice cape",worn,"Emote"
12646,"Chocolate egg",inventory,"Eat"
12647,"Chocolate egg",inventory,"Eat"
12648,"Chocolate egg",inventory,"Eat"
12651,"Bucket of water",inventory,"Empty"
12653,"Bucket of coal",inventory,"Empty"
12842,"Gnomecopter",inventory,"Ride"
12843,"Gnomecopter ticket",inventory,"Read"
12844,"Toy kite",inventory,"Fly"
12844,"Toy kite",worn,"Fly"
12853,"Bandages",inventory,"Heal"
12855,"Tele-orb",inventory,"Teleport"
12856,"Irit gloves",inventory,"Inspect"
12856,"Irit gloves",worn,"Inspect"
12857,"Avantoe gloves",inventory,"Inspect"
12857,"Avantoe gloves",worn,"Inspect"
12858,"Kwuarm gloves",inventory,"Inspect"
12858,"Kwuarm gloves",worn,"Inspect"
12859,"Cadantine gloves",inventory,"Inspect"
12859,"Cadantine gloves",worn,"Inspect"
12860,"Swordfish gloves",inventory,"Inspect"
12860,"Swordfish gloves",worn,"Inspect"
12861,"Shark gloves",inventory,"Inspect"
12861,"Shark gloves",worn,"Inspect"
12862,"Dragon slayer gloves",inventory,"Inspect"
12862,"Dragon slayer gloves",worn,"Inspect"
12863,"Air runecrafting gloves",inventory,"Inspect"
12863,"Air runecrafting gloves",worn,"Inspect"
12864,"Water runecrafting gloves",inventory,"Inspect"
12864,"Water runecrafting gloves",worn,"Inspect"
12865,"Earth runecrafting gloves",inventory,"Inspect"
12865,"Earth runecrafting gloves",worn,"Inspect"
13010,"Clue scroll (hard)",inventory,"Read"
13011,"Puzzle box",inventory,"Open"
13012,"Clue scroll (hard)",inventory,"Read"
13013,"Puzzle box",inventory,"Open"
13014,"Clue scroll (hard)",inventory,"Read"
13015,"Puzzle box",inventory,"Open"
13016,"Clue scroll (hard)",inventory,"Read"
13017,"Puzzle box",inventory,"Open"
13018,"Clue scroll (hard)",inventory,"Read"
13019,"Puzzle box",inventory,"Open"
13020,"Clue scroll (hard)",inventory,"Read"
13021,"Puzzle box",inventory,"Open"
13022,"Clue scroll (hard)",inventory,"Read"
13023,"Puzzle box",inventory,"Open"
13024,"Clue scroll (hard)",inventory,"Read"
13025,"Puzzle box",inventory,"Open"
13026,"Clue scroll (hard)",inventory,"Read"
13027,"Puzzle box",inventory,"Open"
13028,"Clue scroll (hard)",inventory,"Read"
13029,"Puzzle box",inventory,"Open"
13030,"Clue scroll (hard)",inventory,"Read"
13031,"Puzzle box",inventory,"Open"
13032,"Clue scroll (hard)",inventory,"Read"
13033,"Puzzle box",inventory,"Open"
13034,"Clue scroll (hard)",inventory,"Read"
13035,"Puzzle box",inventory,"Open"
13036,"Clue scroll (hard)",inventory,"Read"
13037,"Casket (hard)",inventory,"Open"
13038,"Clue scroll (hard)",inventory,"Read"
13039,"Casket (hard)",inventory,"Open"
13040,"Clue scroll (hard)",inventory,"Read"
13041,"Clue scroll (hard)",inventory,"Read"
13042,"Clue scroll (hard)",inventory,"Read"
13043,"Casket (hard)",inventory,"Open"
13044,"Clue scroll (hard)",inventory,"Read"
13045,"Casket (hard)",inventory,"Open"
13046,"Clue scroll (hard)",inventory,"Read"
13047,"Casket (hard)",inventory,"Open"
13048,"Clue scroll (hard)",inventory,"Read"
13049,"Clue scroll (hard)",inventory,"Read"
13050,"Clue scroll (medium)",inventory,"Read"
13051,"Clue scroll (medium)",inventory,"Read"
13052,"Casket (medium)",inventory,"Open"
13053,"Clue scroll (medium)",inventory,"Read"
13054,"Casket (medium)",inventory,"Open"
13055,"Clue scroll (medium)",inventory,"Read"
13056,"Clue scroll (medium)",inventory,"Read"
13057,"Casket (medium)",inventory,"Open"
13058,"Clue scroll (medium)",inventory,"Read"
13059,"Casket (medium)",inventory,"Open"
13060,"Clue scroll (medium)",inventory,"Read"
13061,"Clue scroll (medium)",inventory,"Read"
13062,"Casket (medium)",inventory,"Open"
13063,"Clue scroll (medium)",inventory,"Read"
13064,"Casket (medium)",inventory,"Open"
13065,"Clue scroll (medium)",inventory,"Read"
13066,"Casket (medium)",inventory,"Open"
13067,"Clue scroll (medium)",inventory,"Read"
13068,"Clue scroll (medium)",inventory,"Read"
13069,"Clue scroll (medium)",inventory,"Read"
13070,"Clue scroll (medium)",inventory,"Read"
13071,"Clue scroll (medium)",inventory,"Read"
13072,"Clue scroll (medium)",inventory,"Read"
13074,"Clue scroll (medium)",inventory,"Read"
13075,"Clue scroll (medium)",inventory,"Read"
13076,"Clue scroll (medium)",inventory,"Read"
13077,"Casket (medium)",inventory,"Open"
13078,"Clue scroll (medium)",inventory,"Read"
13079,"Clue scroll (medium)",inventory,"Read"
13080,"Clue scroll (medium)",inventory,"Read"
13117,"Ivandis flail (30)",inventory,"Bloom"
13117,"Ivandis flail (30)",worn,"Bloom"
13118,"Ivandis flail (29)",inventory,"Bloom"
13118,"Ivandis flail (29)",worn,"Bloom"
13119,"Ivandis flail (28)",inventory,"Bloom"
13119,"Ivandis flail (28)",worn,"Bloom"
13120,"Ivandis flail (27)",inventory,"Bloom"
13120,"Ivandis flail (27)",worn,"Bloom"
13121,"Ivandis flail (26)",inventory,"Bloom"
13121,"Ivandis flail (26)",worn,"Bloom"
13122,"Ivandis flail (25)",inventory,"Bloom"
13122,"Ivandis flail (25)",worn,"Bloom"
13123,"Ivandis flail (24)",inventory,"Bloom"
13123,"Ivandis flail (24)",worn,"Bloom"
13124,"Ivandis flail (23)",inventory,"Bloom"
13124,"Ivandis flail (23)",worn,"Bloom"
13125,"Ivandis flail (22)",inventory,"Bloom"
13125,"Ivandis flail (22)",worn,"Bloom"
13126,"Ivandis flail (21)",inventory,"Bloom"
13126,"Ivandis flail (21)",worn,"Bloom"
13127,"Ivandis flail (20)",inventory,"Bloom"
13127,"Ivandis flail (20)",worn,"Bloom"
13128,"Ivandis flail (19)",inventory,"Bloom"
13128,"Ivandis flail (19)",worn,"Bloom"
13129,"Ivandis flail (18)",inventory,"Bloom"
13129,"Ivandis flail (18)",worn,"Bloom"
13130,"Ivandis flail (17)",inventory,"Bloom"
13130,"Ivandis flail (17)",worn,"Bloom"
13131,"Ivandis flail (16)",inventory,"Bloom"
13131,"Ivandis flail (16)",worn,"Bloom"
13132,"Ivandis flail (15)",inventory,"Bloom"
13132,"Ivandis flail (15)",worn,"Bloom"
13133,"Ivandis flail (14)",inventory,"Bloom"
13133,"Ivandis flail (14)",worn,"Bloom"
13134,"Ivandis flail (13)",inventory,"Bloom"
13134,"Ivandis flail (13)",worn,"Bloom"
13135,"Ivandis flail (12)",inventory,"Bloom"
13135,"Ivandis flail (12)",worn,"Bloom"
13136,"Ivandis flail (11)",inventory,"Bloom"
13136,"Ivandis flail (11)",worn,"Bloom"
13137,"Ivandis flail (10)",inventory,"Bloom"
13137,"Ivandis flail (10)",worn,"Bloom"
13138,"Ivandis flail (9)",inventory,"Bloom"
13138,"Ivandis flail (9)",worn,"Bloom"
13139,"Ivandis flail (8)",inventory,"Bloom"
13139,"Ivandis flail (8)",worn,"Bloom"
13140,"Ivandis flail (7)",inventory,"Bloom"
13140,"Ivandis flail (7)",worn,"Bloom"
13141,"Ivandis flail (6)",inventory,"Bloom"
13141,"Ivandis flail (6)",worn,"Bloom"
13142,"Ivandis flail (5)",inventory,"Bloom"
13142,"Ivandis flail (5)",worn,"Bloom"
13143,"Ivandis flail (4)",inventory,"Bloom"
13143,"Ivandis flail (4)",worn,"Bloom"
13144,"Ivandis flail (3)",inventory,"Bloom"
13144,"Ivandis flail (3)",worn,"Bloom"
13145,"Ivandis flail (2)",inventory,"Bloom"
13145,"Ivandis flail (2)",worn,"Bloom"
13146,"Ivandis flail (1)",inventory,"Bloom"
13146,"Ivandis flail (1)",worn,"Bloom"
13148,"Glove",inventory,"Inspect"
13149,"Book page",inventory,"Inspect"
13150,"Crate",inventory,"Inspect"
13151,"Combat book",inventory,"Read"
13155,"Silver sickle emerald (b)",inventory,"Cast Bloom"
13156,"Enchanted sickle emerald (b)",inventory,"Cast Bloom"
13160,"Tome of xp 2nd ed (3)",inventory,"Read"
13161,"Tome of xp 2nd ed (2)",inventory,"Read"
13162,"Tome of xp 2nd ed (1)",inventory,"Read"
13227,"Mysterious lamp",inventory,"Rub"
13228,"Crate",inventory,"Look-inside"
13229,"Letter",inventory,"Read"
13233,"Plans",inventory,"Read"
13243,"Stone tablet",inventory,"Read"
13244,"Tzhaar tourist guide",inventory,"Read"
13277,"Masked earmuffs",inventory,"Disassemble"
13322,"Accordion",inventory,"Play"
13323,"Accordion",inventory,"Play"
13324,"Accordion",inventory,"Play"
13325,"Vacuum pump",inventory,"Play"
13326,"Vacuum pump and gull",inventory,"Play"
13337,"Pirate impling jar",inventory,"Loot"
13381,"Broken hand",inventory,"Take-Apart"
13382,"Broken hand",inventory,"Take-Apart"
13383,"Broken hand",inventory,"Take-Apart"
13384,"Broken hand",inventory,"Take-Apart"
13385,"Broken hand",inventory,"Take-Apart"
13464,"Task list",inventory,"Read"
13560,"Explorer's ring 1",inventory,"Run-replenish"
13560,"Explorer's ring 1",worn,"Run-replenish"
13561,"Explorer's ring 2",inventory,"Low-alchemy"
13561,"Explorer's ring 2",inventory,"Run-replenish"
13561,"Explorer's ring 2",worn,"Low-alchemy"
13561,"Explorer's ring 2",worn,"Run-replenish"
13562,"Explorer's ring 3",inventory,"Low-alchemy"
13562,"Explorer's ring 3",inventory,"Run-replenish"
13562,"Explorer's ring 3",inventory,"Cabbage-port"
13562,"Explorer's ring 3",worn,"Cabbage-port"
13562,"Explorer's ring 3",worn,"Low-alchemy"
13562,"Explorer's ring 3",worn,"Run-replenish"
13566,"Jennica's ring",worn,"Operate"
13569,"Enchanted key notes",inventory,"Read"
13579,"Spade",inventory,"Dig"
13591,"Enchanted key",inventory,"Feel"
13591,"Enchanted key",inventory,"Rub"
13593,"Old tome",inventory,"Read"
13615,"Runecrafter hat",inventory,"Goggles"
13616,"Runecrafter hat",inventory,"Goggles"
13620,"Runecrafter hat",inventory,"Goggles"
13621,"Runecrafter hat",inventory,"Goggles"
13625,"Runecrafter hat",inventory,"Goggles"
13626,"Runecrafter hat",inventory,"Goggles"
13647,"Green barrier generator",inventory,"Make-barrier"
13648,"Yellow barrier generator",inventory,"Make-barrier"
13663,"Circus ticket",inventory,"Tear"
13707,"Tightrope 101",inventory,"Read"
13732,"Spy notebook",inventory,"Read"
13759,"Scrap of paper",inventory,"Read"
13762,"List of elders",inventory,"Read"
14057,"Broomstick",inventory,"Sweep"
14057,"Broomstick",inventory,"Teleport"
14057,"Broomstick",worn,"Sorceress's Garden"
14058,"Goulash",inventory,"Drink"
14069,"Magic slate",inventory,"View"
14085,"Armadyl communiqu�",inventory,"Read"
14094,"Sacred clay platebody",inventory,"Transform"
14094,"Sacred clay platebody",inventory,"Count-charges"
14094,"Sacred clay platebody",worn,"Transform"
14095,"Sacred clay platelegs",inventory,"Transform"
14095,"Sacred clay platelegs",inventory,"Count-charges"
14095,"Sacred clay platelegs",worn,"Transform"
14096,"Sacred clay helm",inventory,"Transform"
14096,"Sacred clay helm",inventory,"Count-charges"
14096,"Sacred clay helm",worn,"Transform"
14097,"Sacred clay scimitar",inventory,"Transform"
14097,"Sacred clay scimitar",inventory,"Count-charges"
14097,"Sacred clay scimitar",worn,"Transform"
14098,"Volatile clay tool",inventory,"Transform"
14098,"Volatile clay tool",inventory,"Count-charges"
14099,"Volatile clay pickaxe",inventory,"Count-charges"
14099,"Volatile clay pickaxe",inventory,"Revert"
14100,"Volatile clay hatchet",inventory,"Count-charges"
14100,"Volatile clay hatchet",inventory,"Revert"
14101,"Volatile clay harpoon",inventory,"Count-charges"
14101,"Volatile clay harpoon",inventory,"Revert"
14102,"Volatile clay butterfly net",inventory,"Count-charges"
14102,"Volatile clay butterfly net",inventory,"Revert"
14103,"Volatile clay fletching knife",inventory,"Count-charges"
14103,"Volatile clay fletching knife",inventory,"Revert"
14104,"Volatile clay hammer",inventory,"Count-charges"
14104,"Volatile clay hammer",inventory,"Revert"
14105,"Volatile clay needle",inventory,"Count-charges"
14105,"Volatile clay needle",inventory,"Revert"
14106,"Proto-tool",inventory,"Transform"
14106,"Proto-tool",inventory,"Count-charges"
14107,"Sacred clay pickaxe",inventory,"Count-charges"
14107,"Sacred clay pickaxe",inventory,"Revert"
14108,"Sacred clay hatchet",inventory,"Count-charges"
14108,"Sacred clay hatchet",inventory,"Revert"
14109,"Sacred clay harpoon",inventory,"Count-charges"
14109,"Sacred clay harpoon",inventory,"Revert"
14110,"Sacred clay butterfly net",inventory,"Count-charges"
14110,"Sacred clay butterfly net",inventory,"Revert"
14111,"Sacred clay fletching knife",inventory,"Count-charges"
14111,"Sacred clay fletching knife",inventory,"Revert"
14112,"Sacred clay hammer",inventory,"Count-charges"
14112,"Sacred clay hammer",inventory,"Revert"
14113,"Sacred clay needle",inventory,"Count-charges"
14113,"Sacred clay needle",inventory,"Revert"
14114,"Sacred clay robe top",inventory,"Transform"
14114,"Sacred clay robe top",inventory,"Count-charges"
14114,"Sacred clay robe top",worn,"Transform"
14115,"Sacred clay robe bottom",inventory,"Transform"
14115,"Sacred clay robe bottom",inventory,"Count-charges"
14115,"Sacred clay robe bottom",worn,"Transform"
14116,"Sacred clay hat",inventory,"Transform"
14116,"Sacred clay hat",inventory,"Count-charges"
14116,"Sacred clay hat",worn,"Transform"
14117,"Sacred clay staff",inventory,"Transform"
14117,"Sacred clay staff",inventory,"Count-charges"
14117,"Sacred clay staff",worn,"Transform"
14118,"Sacred clay body",inventory,"Transform"
14118,"Sacred clay body",inventory,"Count-charges"
14118,"Sacred clay body",worn,"Transform"
14119,"Sacred clay chaps",inventory,"Transform"
14119,"Sacred clay chaps",inventory,"Count-charges"
14119,"Sacred clay chaps",worn,"Transform"
14120,"Sacred clay coif",inventory,"Transform"
14120,"Sacred clay coif",inventory,"Count-charges"
14120,"Sacred clay coif",worn,"Transform"
14121,"Sacred clay bow",inventory,"Transform"
14121,"Sacred clay bow",inventory,"Count-charges"
14121,"Sacred clay bow",worn,"Transform"
14207,"Prayer potion (5)",inventory,"Drink"
14209,"Prayer potion (4)",inventory,"Drink"
14211,"Prayer potion (3)",inventory,"Drink"
14213,"Prayer potion (2)",inventory,"Drink"
14215,"Prayer potion (1)",inventory,"Drink"
14217,"Energy potion (5)",inventory,"Drink"
14219,"Energy potion (4)",inventory,"Drink"
14221,"Energy potion (3)",inventory,"Drink"
14223,"Energy potion (2)",inventory,"Drink"
14225,"Energy potion (1)",inventory,"Drink"
14227,"Super attack (5)",inventory,"Drink"
14229,"Super attack (4)",inventory,"Drink"
14231,"Super attack (3)",inventory,"Drink"
14233,"Super attack (2)",inventory,"Drink"
14235,"Super attack (1)",inventory,"Drink"
14237,"Super strength (5)",inventory,"Drink"
14239,"Super strength (4)",inventory,"Drink"
14241,"Super strength (3)",inventory,"Drink"
14243,"Super strength (2)",inventory,"Drink"
14245,"Super strength (1)",inventory,"Drink"
14247,"Ranging potion (5)",inventory,"Drink"
14249,"Ranging potion (4)",inventory,"Drink"
14251,"Ranging potion (3)",inventory,"Drink"
14253,"Ranging potion (2)",inventory,"Drink"
14255,"Ranging potion (1)",inventory,"Drink"
14257,"Defence potion (5)",inventory,"Drink"
14259,"Defence potion (4)",inventory,"Drink"
14261,"Defence potion (3)",inventory,"Drink"
14263,"Defence potion (2)",inventory,"Drink"
14265,"Defence potion (1)",inventory,"Drink"
14267,"Magic potion (5)",inventory,"Drink"
14269,"Magic potion (4)",inventory,"Drink"
14271,"Magic potion (3)",inventory,"Drink"
14273,"Magic potion (2)",inventory,"Drink"
14275,"Magic potion (1)",inventory,"Drink"
14422,"Sacred clay pouch (class 1)",inventory,"Summon"
14424,"Sacred clay pouch (class 2)",inventory,"Summon"
14426,"Sacred clay pouch (class 3)",inventory,"Summon"
14428,"Sacred clay pouch (class 4)",inventory,"Summon"
14430,"Sacred clay pouch (class 5)",inventory,"Summon"
14461,"Waste-paper basket",inventory,"Look-at"
14461,"Waste-paper basket",inventory,"Search"
14463,"Notes on pressure",inventory,"Look-at"
14463,"Notes on pressure",inventory,"Read"
14464,"Movario's notes (volume 1)",inventory,"Inspect"
14464,"Movario's notes (volume 1)",inventory,"Read"
14465,"Movario's notes (volume 2)",inventory,"Inspect"
14465,"Movario's notes (volume 2)",inventory,"Read"
14469,"Strange key loop",inventory,"Inspect"
14470,"Strange key teeth",inventory,"Inspect"
14534,"Strange teleorb",inventory,"Inspect"
14534,"Strange teleorb",inventory,"Activate"
14536,"Turkey book",inventory,"Read"
14537,"Cornucopia",inventory,"Heal"
14537,"Cornucopia",inventory,"Food-count"
14538,"Cornucopia",inventory,"Heal"
14538,"Cornucopia",inventory,"Food-count"
14570,"Cornucopia",inventory,"Heal"
14570,"Cornucopia",inventory,"Food-count"
14571,"Fremennik sea boots 1",inventory,"Operate"
14571,"Fremennik sea boots 1",worn,"Contact the Fossegrimen"
14572,"Fremennik sea boots 2",inventory,"Operate"
14572,"Fremennik sea boots 2",worn,"Contact the Fossegrimen"
14572,"Fremennik sea boots 2",worn,"Free lyre teleport"
14573,"Fremennik sea boots 3",inventory,"Operate"
14573,"Fremennik sea boots 3",worn,"Contact the Fossegrimen"
14573,"Fremennik sea boots 3",worn,"Free lyre teleport"
14577,"Falador shield 1",inventory,"Prayer-restore"
14577,"Falador shield 1",worn,"Prayer-restore"
14577,"Falador shield 1",worn,"Emote"
14578,"Falador shield 2",inventory,"Prayer-restore"
14578,"Falador shield 2",worn,"Prayer-restore"
14578,"Falador shield 2",worn,"Emote"
14579,"Falador shield 3",inventory,"Prayer-restore"
14579,"Falador shield 3",worn,"Prayer-restore"
14579,"Falador shield 3",worn,"Emote"
14590,"Enchanted lyre (5)",inventory,"Play"
14591,"Enchanted lyre (6)",inventory,"Play"
14599,"Ice amulet",worn,"Summon Imp"
14629,"Phoenix egg",inventory,"Attempt-to-hatch"
14630,"Cracked phoenix egg",inventory,"Attempt-to-hatch"
14640,"Bandages",inventory,"Heal"
14643,"Barricade",inventory,"Set-up"
14647,"Soul wars guide",inventory,"Read"
14647,"Soul wars guide",inventory,"Game-help"
14648,"Bandages",inventory,"Heal"
14649,"Barricade",inventory,"Set-up"
14671,"Brian's letter",inventory,"Read"
14672,"William's letter",inventory,"Read"
14673,"Charles's letter",inventory,"Read"
14674,"Sam's letter",inventory,"Read"
14675,"Christopher's letter",inventory,"Read"
14676,"Daniel's letter",inventory,"Read"
14677,"Michael's letter",inventory,"Read"
14692,"Bandos throne room sphere",inventory,"Break"
14693,"Bones",inventory,"Bury"
14696,"Prophecy tablet",inventory,"Read"
14699,"Cave directions",inventory,"Read"
14700,"A scrap of paper",inventory,"Read"
14701,"Herb pouch",inventory,"Open"
14710,"Tome of glorious deeds",inventory,"Read"
14724,"Incubator blueprint",inventory,"Read"
14735,"Driftwood",inventory,"Make-fireraft"
14736,"Fire raft",inventory,"Launch"
14742,"Lily of the valley",inventory,"Smell"
14742,"Lily of the valley",worn,"Smell"
14793,"Ourg bones",inventory,"Bury"
14795,"Wilderness manual",inventory,"Read"
14796,"Scroll of the dead",inventory,"Read"
14796,"Scroll of the dead",inventory,"Check-progress"
14803,"Pyramid journal",inventory,"Read"
14803,"Pyramid journal",inventory,"Check-progress"
14808,"Scroll of praise",inventory,"Read"
14812,"Mummy's name papyrus",inventory,"Read"
14813,"Copied name papyrus",inventory,"Read"
14815,"Spiced wine",inventory,"Empty"
14819,"Telegram",inventory,"Read"
14820,"Conch shell",inventory,"Blow"
14859,"Empty seaweed net",inventory,"Fill"
14860,"Seaweed net (1)",inventory,"Fill"
14861,"Seaweed net (2)",inventory,"Fill"
14862,"Seaweed net (3)",inventory,"Fill"
14863,"Seaweed net (4)",inventory,"Fill"
14864,"Seaweed net (5)",inventory,"Fill"
14864,"Seaweed net (5)",inventory,"Empty"
14865,"Seaweed net (6)",inventory,"Fill"
14865,"Seaweed net (6)",inventory,"Empty"
14866,"Seaweed net (7)",inventory,"Fill"
14866,"Seaweed net (7)",inventory,"Empty"
14867,"Seaweed net (8)",inventory,"Fill"
14867,"Seaweed net (8)",inventory,"Empty"
14868,"Seaweed net (9)",inventory,"Fill"
14868,"Seaweed net (9)",inventory,"Empty"
14869,"Seaweed net (10)",inventory,"Empty"
14940,"Special unit contract",inventory,"View"
14941,"Dwarf squad (light)",inventory,"Read"
14942,"Dwarf squad (level 2) (light)",inventory,"Read"
14943,"Dwarf squad (level 3) (light)",inventory,"Read"
14944,"Dwarf squad (level 4) (light)",inventory,"Read"
14945,"Dwarf squad (level 5) (light)",inventory,"Read"
14946,"Dwarf squad (heavy)",inventory,"Read"
14947,"Dwarf squad (level 2) (heavy)",inventory,"Read"
14948,"Dwarf squad (level 3) (heavy)",inventory,"Read"
14949,"Dwarf squad (level 4) (heavy)",inventory,"Read"
14950,"Dwarf squad (level 5) (heavy)",inventory,"Read"
14951,"Goblin squad (light)",inventory,"Read"
14952,"Goblin squad (level 2) (light)",inventory,"Read"
14953,"Goblin squad (level 3) (light)",inventory,"Read"
14954,"Goblin squad (level 4) (light)",inventory,"Read"
14955,"Goblin squad (level 5) (light)",inventory,"Read"
14956,"Goblin squad (heavy)",inventory,"Read"
14957,"Goblin squad (level 2) (heavy)",inventory,"Read"
14958,"Goblin squad (level 3) (heavy)",inventory,"Read"
14959,"Goblin squad (level 4) (heavy)",inventory,"Read"
14960,"Goblin squad (level 5) (heavy)",inventory,"Read"
14961,"Elf squad (light)",inventory,"Read"
14962,"Elf squad (level 2) (light)",inventory,"Read"
14963,"Elf squad (level 3) (light)",inventory,"Read"
14964,"Elf squad (level 4) (light)",inventory,"Read"
14965,"Elf squad (level 5) (light)",inventory,"Read"
14966,"Elf squad (heavy)",inventory,"Read"
14967,"Elf squad (level 2) (heavy)",inventory,"Read"
14968,"Elf squad (level 3) (heavy)",inventory,"Read"
14969,"Elf squad (level 4) (heavy)",inventory,"Read"
14970,"Elf squad (level 5) (heavy)",inventory,"Read"
15001,"Quest kit (basic)",inventory,"Open"
15002,"Quest kit (medium)",inventory,"Open"
15003,"Quest kit (advanced)",inventory,"Open"
15004,"Quest kit (elite)",inventory,"Open"
15005,"Inferior locator",inventory,"Locate"
15005,"Inferior locator",worn,"Locate"
15006,"Poor locator",inventory,"Locate"
15006,"Poor locator",worn,"Locate"
15007,"Good locator",inventory,"Locate"
15007,"Good locator",worn,"Locate"
15008,"Superior locator",inventory,"Locate"
15008,"Superior locator",worn,"Locate"
15046,"Magic skullball",inventory,"Choose-answers"
15048,"Magic skullball (long)",inventory,"Private-check"
15048,"Magic skullball (long)",inventory,"Friends-check"
15048,"Magic skullball (long)",inventory,"Choose-answers"
15048,"Magic skullball (long)",inventory,"Reset"
15050,"Magic skullball (yes/no)",inventory,"Private-check"
15050,"Magic skullball (yes/no)",inventory,"Friends-check"
15050,"Magic skullball (yes/no)",inventory,"Choose-answers"
15050,"Magic skullball (yes/no)",inventory,"Reset"
15052,"Magic skullball (activities)",inventory,"Private-check"
15052,"Magic skullball (activities)",inventory,"Friends-check"
15052,"Magic skullball (activities)",inventory,"Choose-answers"
15052,"Magic skullball (activities)",inventory,"Reset"
15054,"Magic skullball (colours)",inventory,"Private-check"
15054,"Magic skullball (colours)",inventory,"Friends-check"
15054,"Magic skullball (colours)",inventory,"Choose-answers"
15054,"Magic skullball (colours)",inventory,"Reset"
15056,"Ticker",inventory,"Tick"
15056,"Ticker",inventory,"Read"
15058,"Ticker (a)",inventory,"Tick"
15058,"Ticker (a)",inventory,"Read"
15058,"Ticker (a)",inventory,"Advanced"
15059,"Empty bag caller",inventory,"Read-pack"
15059,"Empty bag caller",inventory,"Read-worn"
15059,"Empty bag caller",inventory,"Read-both"
15061,"Timepiece (stopped)",inventory,"Start"
15061,"Timepiece (stopped)",inventory,"Read"
15061,"Timepiece (stopped)",inventory,"Advanced"
15063,"Timepiece (running)",inventory,"Pause"
15063,"Timepiece (running)",inventory,"Read"
15063,"Timepiece (running)",inventory,"Advanced"
15064,"Timepiece (paused)",inventory,"Unpause"
15064,"Timepiece (paused)",inventory,"Read"
15064,"Timepiece (paused)",inventory,"Advanced"
15067,"Starting horn",inventory,"Start"
15069,"Voting hat (red)",inventory,"Turn-out"
15071,"Voting hat (blue)",inventory,"Turn-out"
15073,"Orb of counting",inventory,"Nearby-count"
15073,"Orb of counting",inventory,"World-count"
15075,"Marker seeds",inventory,"Plant-marker"
15075,"Marker seeds",inventory,"Directional-marker"
15077,"Faruq's toolonomicon",inventory,"Read"
15080,"Ring of seeking (seek)",worn,"Operate"
15082,"Ring of seeking (both)",worn,"Operate"
15084,"Dice bag",inventory,"Choose-dice"
15086,"Die (6 sides)",inventory,"Private-roll"
15086,"Die (6 sides)",inventory,"Friends-roll"
15086,"Die (6 sides)",inventory,"Choose-dice"
15086,"Die (6 sides)",inventory,"Put-away"
15088,"Dice (2, 6 sides)",inventory,"Private-roll"
15088,"Dice (2, 6 sides)",inventory,"Friends-roll"
15088,"Dice (2, 6 sides)",inventory,"Choose-dice"
15088,"Dice (2, 6 sides)",inventory,"Put-away"
15090,"Die (8 sides)",inventory,"Private-roll"
15090,"Die (8 sides)",inventory,"Friends-roll"
15090,"Die (8 sides)",inventory,"Choose-dice"
15090,"Die (8 sides)",inventory,"Put-away"
15092,"Die (10 sides)",inventory,"Private-roll"
15092,"Die (10 sides)",inventory,"Friends-roll"
15092,"Die (10 sides)",inventory,"Choose-dice"
15092,"Die (10 sides)",inventory,"Put-away"
15094,"Die (12 sides)",inventory,"Private-roll"
15094,"Die (12 sides)",inventory,"Friends-roll"
15094,"Die (12 sides)",inventory,"Choose-dice"
15094,"Die (12 sides)",inventory,"Put-away"
15096,"Die (20 sides)",inventory,"Private-roll"
15096,"Die (20 sides)",inventory,"Friends-roll"
15096,"Die (20 sides)",inventory,"Choose-dice"
15096,"Die (20 sides)",inventory,"Put-away"
15098,"Dice (up to 100)",inventory,"Private-roll"
15098,"Dice (up to 100)",inventory,"Friends-roll"
15098,"Dice (up to 100)",inventory,"Choose-dice"
15098,"Dice (up to 100)",inventory,"Put-away"
15100,"Die (4 sides)",inventory,"Private-roll"
15100,"Die (4 sides)",inventory,"Friends-roll"
15100,"Die (4 sides)",inventory,"Choose-dice"
15100,"Die (4 sides)",inventory,"Put-away"
15103,"Stone tablet",inventory,"Read"
15104,"Granite tablet",inventory,"Read"
15105,"Slate tablet",inventory,"Read"
15106,"Shale tablet",inventory,"Read"
15107,"Base plans",inventory,"Study"
15114,"Code key",inventory,"Read"
15116,"Notes (a-j)",inventory,"Read"
15117,"Notes (k-z)",inventory,"Read"
15119,"Ranger's aid",inventory,"Drink"
15121,"Ranger's aid (m)",inventory,"Drink"
15214,"Ram skull helm(e)",inventory,"Teleport"
15214,"Ram skull helm(e)",worn,"Teleport"
15215,"Bonesack(e)",inventory,"Teleport"
15215,"Bonesack(e)",worn,"Teleport"
15216,"Old diary",inventory,"Read"
15217,"Arm",inventory,"Bury"
15218,"Arm",inventory,"Bury"
15219,"Tail",inventory,"Bury"
15245,"Mysterious slip",inventory,"Read"
15246,"Package",inventory,"Open"
15254,"Guardsman's stout",inventory,"Drink"
15272,"Rocktail",inventory,"Eat"
15277,"Drugged meat",inventory,"Eat"
15278,"Cloth",inventory,"Rip"
15279,"Oily cloth",inventory,"Rip"
15300,"Recover special (4)",inventory,"Drink"
15301,"Recover special (3)",inventory,"Drink"
15302,"Recover special (2)",inventory,"Drink"
15303,"Recover special (1)",inventory,"Drink"
15308,"Extreme attack (4)",inventory,"Drink"
15309,"Extreme attack (3)",inventory,"Drink"
15310,"Extreme attack (2)",inventory,"Drink"
15311,"Extreme attack (1)",inventory,"Drink"
15312,"Extreme strength (4)",inventory,"Drink"
15313,"Extreme strength (3)",inventory,"Drink"
15314,"Extreme strength (2)",inventory,"Drink"
15315,"Extreme strength (1)",inventory,"Drink"
15316,"Extreme defence (4)",inventory,"Drink"
15317,"Extreme defence (3)",inventory,"Drink"
15318,"Extreme defence (2)",inventory,"Drink"
15319,"Extreme defence (1)",inventory,"Drink"
15324,"Extreme ranging (4)",inventory,"Drink"
15325,"Extreme ranging (3)",inventory,"Drink"
15326,"Extreme ranging (2)",inventory,"Drink"
15327,"Extreme ranging (1)",inventory,"Drink"
15332,"Overload (4)",inventory,"Drink"
15333,"Overload (3)",inventory,"Drink"
15334,"Overload (2)",inventory,"Drink"
15335,"Overload (1)",inventory,"Drink"
15341,"Blank teleport crystal",inventory,"Chant-to"
15343,"Notes",inventory,"Read"
15344,"Report",inventory,"Read"
15353,"Eek",inventory,"Talk-to"
15353,"Eek",inventory,"Hold"
15353,"Eek",inventory,"Play-with"
15353,"Eek",inventory,"Dismiss"
15353,"Eek",worn,"Talk-to"
15353,"Eek",worn,"Play-with"
15354,"Calling beads",inventory,"Summon"
15355,"Champion's scroll",inventory,"Read"
15356,"Champion's scroll",inventory,"Read"
15357,"Champion's scroll",inventory,"Read"
15358,"Champion's scroll",inventory,"Read"
15359,"Champion's scroll",inventory,"Read"
15360,"Scroll of knowledge",inventory,"Read"
15374,"Magnifying glass",worn,"Sleuth"
15387,"Ruined backpack",inventory,"Open"
15388,"Battered letter",inventory,"Read"
15393,"Ali's pendant (1)",inventory,"Teleport"
15393,"Ali's pendant (1)",worn,"Teleport"
15394,"Ali's pendant (2)",inventory,"Teleport"
15394,"Ali's pendant (2)",worn,"Teleport"
15395,"Ali's pendant (3)",inventory,"Teleport"
15395,"Ali's pendant (3)",worn,"Teleport"
15396,"Ali's pendant (4)",inventory,"Teleport"
15396,"Ali's pendant (4)",worn,"Teleport"
15397,"Ali's pendant (5)",inventory,"Teleport"
15397,"Ali's pendant (5)",worn,"Teleport"
15398,"Ferocious ring (5)",inventory,"Rub"
15398,"Ferocious ring (5)",worn,"Kuradal"
15399,"Ferocious ring (4)",inventory,"Rub"
15399,"Ferocious ring (4)",worn,"Kuradal"
15400,"Ferocious ring (3)",inventory,"Rub"
15400,"Ferocious ring (3)",worn,"Kuradal"
15401,"Ferocious ring (2)",inventory,"Rub"
15401,"Ferocious ring (2)",worn,"Kuradal"
15402,"Ferocious ring (1)",inventory,"Rub"
15402,"Ferocious ring (1)",worn,"Kuradal"
15404,"Prophecy tablet (lighthouse)",inventory,"Read"
15405,"Prophecy tablet (hatchery)",inventory,"Read"
15406,"Prophecy tablet (lunar)",inventory,"Read"
15407,"Prophecy tablet (caves)",inventory,"Read"
15408,"Letter",inventory,"Read"
15411,"Cook-o-matic manual",inventory,"Read"
15418,"Ice amulet(09)",worn,"Operate"
15426,"Candy cane",worn,"Spin"
15431,"Mulled wine",inventory,"Drink"
15436,"Elemental fuel",inventory,"Place"
15437,"Stone slab",inventory,"Place"
15439,"Penance horn",inventory,"Check-potential"
15439,"Penance horn",inventory,"Read-inscription"
15439,"Penance horn",worn,"Check-potential"
15440,"Penance master horn",inventory,"Check-potential"
15440,"Penance master horn",inventory,"Read-inscription"
15440,"Penance master horn",worn,"Call"
15440,"Penance master horn",worn,"Check-potential"
15465,"Barbarian assault wave 2 ticket",inventory,"Read"
15466,"Barbarian assault wave 3 ticket",inventory,"Read"
15467,"Barbarian assault wave 4 ticket",inventory,"Read"
15468,"Barbarian assault wave 5 ticket",inventory,"Read"
15469,"Barbarian assault wave 6 ticket",inventory,"Read"
15470,"Barbarian assault wave 7 ticket",inventory,"Read"
15471,"Barbarian assault wave 8 ticket",inventory,"Read"
15472,"Barbarian assault wave 9 ticket",inventory,"Read"
15473,"Barbarian assault wave 10 ticket",inventory,"Read"
15475,"Combination runes",inventory,"Read"
15484,"Orb of oculus",worn,"Gaze-into"
15501,"Box of summoning ingredients",inventory,"Open"
15515,"Zombie impling jar",inventory,"Loot"
15520,"Statue list",inventory,"Read"
15522,"Strange rock",inventory,"Look-at"
15523,"Strange rock",inventory,"Look-at"
15524,"Strange rock",inventory,"Look-at"
15525,"Strange rock",inventory,"Look-at"
15526,"Strange rock",inventory,"Look-at"
15527,"Strange rock",inventory,"Look-at"
15528,"Strange rock",inventory,"Look-at"
15529,"Strange rock",inventory,"Look-at"
15530,"Strange rock",inventory,"Look-at"
15531,"Strange rock",inventory,"Look-at"
15532,"Strange rock",inventory,"Look-at"
15533,"Strange rock",inventory,"Look-at"
15534,"Strange rock",inventory,"Look-at"
15535,"Strange rock",inventory,"Look-at"
15536,"Strange rock",inventory,"Look-at"
15537,"Strange rock",inventory,"Look-at"
15538,"Strange rock",inventory,"Look-at"
15539,"Strange rock",inventory,"Look-at"
15540,"Strange rock",inventory,"Look-at"
15541,"Strange rock",inventory,"Look-at"
15542,"Strange rock",inventory,"Look-at"
15543,"Strange rock",inventory,"Look-at"
15544,"Strange rock",inventory,"Look-at"
15545,"Strange rock",inventory,"Look-at"
15546,"Strange rock",inventory,"Look-at"
15547,"Strange rock",inventory,"Look-at"
15548,"Strange rock",inventory,"Look-at"
15549,"Strange rock",inventory,"Look-at"
15550,"Strange rock",inventory,"Look-at"
15551,"Strange rock",inventory,"Look-at"
15552,"Replica statue piece",inventory,"Look-at"
15553,"Replica statue piece",inventory,"Look-at"
15554,"Replica statue piece",inventory,"Look-at"
15555,"Replica statue piece",inventory,"Look-at"
15556,"Replica statue piece",inventory,"Look-at"
15557,"Replica statue piece",inventory,"Look-at"
15558,"Replica statue piece",inventory,"Look-at"
15559,"Replica statue piece",inventory,"Look-at"
15560,"Replica statue piece",inventory,"Look-at"
15561,"Replica statue piece",inventory,"Look-at"
15562,"Replica statue piece",inventory,"Look-at"
15563,"Replica statue piece",inventory,"Look-at"
15564,"Replica statue piece",inventory,"Look-at"
15565,"Replica statue piece",inventory,"Look-at"
15566,"Replica statue piece",inventory,"Look-at"
15567,"Replica statue piece",inventory,"Look-at"
15568,"Replica statue piece",inventory,"Look-at"
15569,"Replica statue piece",inventory,"Look-at"
15570,"Replica statue piece",inventory,"Look-at"
15571,"Replica statue piece",inventory,"Look-at"
15572,"Replica statue piece",inventory,"Look-at"
15573,"Replica statue piece",inventory,"Look-at"
15574,"Replica statue piece",inventory,"Look-at"
15575,"Replica statue piece",inventory,"Look-at"
15576,"Replica statue piece",inventory,"Look-at"
15577,"Replica statue piece",inventory,"Look-at"
15578,"Replica statue piece",inventory,"Look-at"
15579,"Replica statue piece",inventory,"Look-at"
15580,"Replica statue piece",inventory,"Look-at"
15581,"Replica statue piece",inventory,"Look-at"
15648,"Fish flingers scorecard",inventory,"Read"
15666,"Beginner's tackle box",inventory,"Open"
15666,"Beginner's tackle box",inventory,"Check-time"
15667,"Basic tackle box",inventory,"Open"
15667,"Basic tackle box",inventory,"Check-time"
15668,"Standard tackle box",inventory,"Open"
15668,"Standard tackle box",inventory,"Check-time"
15669,"Professional tackle box",inventory,"Open"
15669,"Professional tackle box",inventory,"Check-time"
15670,"Champion's tackle box",inventory,"Open"
15670,"Champion's tackle box",inventory,"Check-time"
15671,"Manual",inventory,"Read"
15672,"Roddeck's diary",inventory,"Read"
15673,"Squirrel ears",worn,"Summon Minion"
15673,"Squirrel ears",worn,"Juggle"
15675,"Delivery map",inventory,"Read"
15683,"Glaze colour wheel",inventory,"View"
15707,"Ring of kinship",inventory,"Open party interface"
15707,"Ring of kinship",inventory,"Customise"
15707,"Ring of kinship",worn,"Open party interface"
15707,"Ring of kinship",worn,"Customise"
15708,"Mysterious chronicle (part 1)",inventory,"Read"
15709,"Mysterious chronicle (part 2)",inventory,"Read"
15710,"Mysterious chronicle (part 3)",inventory,"Read"
15711,"Mysterious chronicle (part 4)",inventory,"Read"
15712,"Mysterious chronicle (part 5)",inventory,"Read"
15713,"Mysterious chronicle (part 6)",inventory,"Read"
15714,"Mysterious chronicle (part 7)",inventory,"Read"
15715,"Mysterious chronicle (part 8)",inventory,"Read"
15716,"Mysterious chronicle (part 9)",inventory,"Read"
15717,"Mysterious chronicle (part 10)",inventory,"Read"
15718,"Mysterious chronicle (part 11)",inventory,"Read"
15719,"Mysterious chronicle (part 12)",inventory,"Read"
15720,"Mysterious chronicle (part 13)",inventory,"Read"
15721,"Mysterious chronicle (part 14)",inventory,"Read"
15722,"Mysterious chronicle (part 15)",inventory,"Read"
15723,"Mysterious chronicle (part 16)",inventory,"Read"
15724,"Mysterious chronicle (part 17)",inventory,"Read"
15725,"Mysterious chronicle (part 18)",inventory,"Read"
15726,"Astea frostweb's journal",inventory,"Read"
15727,"Troll scrawlings",inventory,"Read"
15728,"Behemoth notes (part 1)",inventory,"Read"
15729,"Environmental effects (part 1)",inventory,"Read"
15730,"Stalker notes (part 1)",inventory,"Read"
15731,"Kal'gerion notes (part 1)",inventory,"Read"
15732,"Divine skinweaver's journal",inventory,"Read"
15733,"Hobgoblin scrawlings",inventory,"Read"
15734,"Behemoth notes (part 2)",inventory,"Read"
15735,"The price of betrayal",inventory,"Read"
15736,"Equipment requisition receipts",inventory,"Read"
15737,"Behemoth notes (part 3)",inventory,"Read"
15738,"Kal'gerion notes (part 2)",inventory,"Read"
15739,"Lexicus runewright's journal",inventory,"Read"
15740,"Ammunition requisition orders",inventory,"Read"
15741,"Stalker notes (part 2)",inventory,"Read"
15742,"Stalker notes (part 3)",inventory,"Read"
15743,"Kal'gerion notes (part 3)",inventory,"Read"
15744,"M. and thok letter (part 1)",inventory,"Read"
15745,"M. and thok letter (part 2)",inventory,"Read"
15746,"M. and thok letter (part 3)",inventory,"Read"
15747,"M. and thok letter (part 4)",inventory,"Read"
15748,"M. and thok letter (part 5)",inventory,"Read"
15749,"M. and thok letter (part 6)",inventory,"Read"
15753,"Novite battleaxe",inventory,"Bind"
15755,"Bathus battleaxe",inventory,"Bind"
15757,"Marmaros battleaxe",inventory,"Bind"
15759,"Kratonite battleaxe",inventory,"Bind"
15761,"Fractite battleaxe",inventory,"Bind"
15763,"Zephyrium battleaxe",inventory,"Bind"
15765,"Argonite battleaxe",inventory,"Bind"
15767,"Katagon battleaxe",inventory,"Bind"
15769,"Gorgonite battleaxe",inventory,"Bind"
15771,"Promethium battleaxe",inventory,"Bind"
15773,"Primal battleaxe",inventory,"Bind"
16273,"Novite gauntlets",inventory,"Bind"
16275,"Bathus gauntlets",inventory,"Bind"
16277,"Marmaros gauntlets",inventory,"Bind"
16279,"Kratonite gauntlets",inventory,"Bind"
16281,"Fractite gauntlets",inventory,"Bind"
16283,"Zephyrium gauntlets",inventory,"Bind"
16285,"Argonite gauntlets",inventory,"Bind"
16287,"Katagon gauntlets",inventory,"Bind"
16289,"Gorgonite gauntlets",inventory,"Bind"
16291,"Promethium gauntlets",inventory,"Bind"
16293,"Primal gauntlets",inventory,"Bind"
16295,"Novite pickaxe",inventory,"Bind"
16297,"Bathus pickaxe",inventory,"Bind"
16299,"Marmaros pickaxe",inventory,"Bind"
16301,"Kratonite pickaxe",inventory,"Bind"
16303,"Fractite pickaxe",inventory,"Bind"
16305,"Zephyrium pickaxe",inventory,"Bind"
16307,"Argonite pickaxe",inventory,"Bind"
16309,"Katagon pickaxe",inventory,"Bind"
16311,"Gorgonite pickaxe",inventory,"Bind"
16313,"Promethium pickaxe",inventory,"Bind"
16315,"Primal pickaxe",inventory,"Bind"
16317,"Tangle gum longbow",inventory,"Bind"
16319,"Seeping elm longbow",inventory,"Bind"
16321,"Blood spindle longbow",inventory,"Bind"
16323,"Utuku longbow",inventory,"Bind"
16325,"Spinebeam longbow",inventory,"Bind"
16327,"Bovistrangler longbow",inventory,"Bind"
16329,"Thigat longbow",inventory,"Bind"
16331,"Corpsethorn longbow",inventory,"Bind"
16333,"Entgallow longbow",inventory,"Bind"
16335,"Grave creeper longbow",inventory,"Bind"
16337,"Sagittarian longbow",inventory,"Bind"
16339,"Novite boots",inventory,"Bind"
16341,"Bathus boots",inventory,"Bind"
16343,"Marmaros boots",inventory,"Bind"
16345,"Kratonite boots",inventory,"Bind"
16347,"Fractite boots",inventory,"Bind"
16349,"Zephyrium boots",inventory,"Bind"
16351,"Argonite boots",inventory,"Bind"
16353,"Katagon boots",inventory,"Bind"
16355,"Gorgonite boots",inventory,"Bind"
16357,"Promethium boots",inventory,"Bind"
16359,"Primal boots",inventory,"Bind"
16361,"Novite hatchet",inventory,"Bind"
16363,"Bathus hatchet",inventory,"Bind"
16365,"Marmaros hatchet",inventory,"Bind"
16367,"Kratonite hatchet",inventory,"Bind"
16369,"Fractite hatchet",inventory,"Bind"
16371,"Zephyrium hatchet",inventory,"Bind"
16373,"Argonite hatchet",inventory,"Bind"
16375,"Katagon hatchet",inventory,"Bind"
16377,"Gorgonite hatchet",inventory,"Bind"
16379,"Promethium hatchet",inventory,"Bind"
16381,"Primal hatchet",inventory,"Bind"
16383,"Novite longsword",inventory,"Bind"
16385,"Bathus longsword",inventory,"Bind"
16387,"Marmaros longsword",inventory,"Bind"
16389,"Kratonite longsword",inventory,"Bind"
16391,"Fractite longsword",inventory,"Bind"
16393,"Zephyrium longsword",inventory,"Bind"
16395,"Argonite longsword",inventory,"Bind"
16397,"Katagon longsword",inventory,"Bind"
16399,"Gorgonite longsword",inventory,"Bind"
16401,"Promethium longsword",inventory,"Bind"
16403,"Primal longsword",inventory,"Bind"
16405,"Novite maul",inventory,"Bind"
16407,"Bathus maul",inventory,"Bind"
16409,"Marmaros maul",inventory,"Bind"
16411,"Kratonite maul",inventory,"Bind"
16413,"Fractite maul",inventory,"Bind"
16415,"Zephyrium maul",inventory,"Bind"
16417,"Argonite maul",inventory,"Bind"
16419,"Katagon maul",inventory,"Bind"
16421,"Gorgonite maul",inventory,"Bind"
16423,"Promethium maul",inventory,"Bind"
16425,"Primal maul",inventory,"Bind"
16427,"Novite arrows",inventory,"Bind"
16432,"Bathus arrows",inventory,"Bind"
16437,"Marmaros arrows",inventory,"Bind"
16442,"Kratonite arrows",inventory,"Bind"
16447,"Fractite arrows",inventory,"Bind"
16452,"Zephyrium arrows",inventory,"Bind"
16457,"Argonite arrows",inventory,"Bind"
16462,"Katagon arrows",inventory,"Bind"
16467,"Gorgonite arrows",inventory,"Bind"
16472,"Promethium arrows",inventory,"Bind"
16477,"Sagittarian arrows",inventory,"Bind"
16482,"Novite arrows (p)",inventory,"Bind"
16487,"Bathus arrows (p)",inventory,"Bind"
16492,"Marmaros arrows (p)",inventory,"Bind"
16497,"Kratonite arrows (p)",inventory,"Bind"
16502,"Fractite arrows (p)",inventory,"Bind"
16507,"Zephyrium arrows (p)",inventory,"Bind"
16512,"Argonite arrows (p)",inventory,"Bind"
16517,"Katagon arrows (p)",inventory,"Bind"
16522,"Gorgonite arrows (p)",inventory,"Bind"
16527,"Promethium arrows (p)",inventory,"Bind"
16532,"Sagittarian arrows (p)",inventory,"Bind"
16537,"Novite arrows (p+)",inventory,"Bind"
16542,"Bathus arrows (p+)",inventory,"Bind"
16547,"Marmaros arrows (p+)",inventory,"Bind"
16552,"Kratonite arrows (p+)",inventory,"Bind"
16557,"Fractite arrows (p+)",inventory,"Bind"
16562,"Zephyrium arrows (p+)",inventory,"Bind"
16567,"Argonite arrows (p+)",inventory,"Bind"
16572,"Katagon arrows (p+)",inventory,"Bind"
16577,"Gorgonite arrows (p+)",inventory,"Bind"
16582,"Promethium arrows (p+)",inventory,"Bind"
16587,"Sagittarian arrows (p+)",inventory,"Bind"
16592,"Novite arrows (p++)",inventory,"Bind"
16597,"Bathus arrows (p++)",inventory,"Bind"
16602,"Marmaros arrows (p++)",inventory,"Bind"
16607,"Kratonite arrows (p++)",inventory,"Bind"
16612,"Fractite arrows (p++)",inventory,"Bind"
16617,"Zephyrium arrows (p++)",inventory,"Bind"
16622,"Argonite arrows (p++)",inventory,"Bind"
16627,"Katagon arrows (p++)",inventory,"Bind"
16632,"Gorgonite arrows (p++)",inventory,"Bind"
16637,"Promethium arrows (p++)",inventory,"Bind"
16642,"Sagittarian arrows (p++)",inventory,"Bind"
16647,"Novite plateskirt",inventory,"Bind"
16649,"Bathus plateskirt",inventory,"Bind"
16651,"Marmaros plateskirt",inventory,"Bind"
16653,"Kratonite plateskirt",inventory,"Bind"
16655,"Fractite plateskirt",inventory,"Bind"
16657,"Zephyrium plateskirt",inventory,"Bind"
16659,"Argonite plateskirt",inventory,"Bind"
16661,"Katagon plateskirt",inventory,"Bind"
16663,"Gorgonite plateskirt",inventory,"Bind"
16665,"Promethium plateskirt",inventory,"Bind"
16667,"Primal plateskirt",inventory,"Bind"
16669,"Novite platelegs",inventory,"Bind"
16671,"Bathus platelegs",inventory,"Bind"
16673,"Marmaros platelegs",inventory,"Bind"
16675,"Kratonite platelegs",inventory,"Bind"
16677,"Fractite platelegs",inventory,"Bind"
16679,"Zephyrium platelegs",inventory,"Bind"
16681,"Argonite platelegs",inventory,"Bind"
16683,"Katagon platelegs",inventory,"Bind"
16685,"Gorgonite platelegs",inventory,"Bind"
16687,"Promethium platelegs",inventory,"Bind"
16689,"Primal platelegs",inventory,"Bind"
16691,"Novite full helm",inventory,"Bind"
16693,"Bathus full helm",inventory,"Bind"
16695,"Marmaros full helm",inventory,"Bind"
16697,"Kratonite full helm",inventory,"Bind"
16699,"Fractite full helm",inventory,"Bind"
16701,"Zephyrium full helm",inventory,"Bind"
16703,"Argonite full helm",inventory,"Bind"
16705,"Katagon full helm",inventory,"Bind"
16707,"Gorgonite full helm",inventory,"Bind"
16709,"Promethium full helm",inventory,"Bind"
16711,"Primal full helm",inventory,"Bind"
16713,"Novite chainbody",inventory,"Bind"
16715,"Bathus chainbody",inventory,"Bind"
16717,"Marmaros chainbody",inventory,"Bind"
16719,"Kratonite chainbody",inventory,"Bind"
16721,"Fractite chainbody",inventory,"Bind"
16723,"Zephyrium chainbody",inventory,"Bind"
16725,"Argonite chainbody",inventory,"Bind"
16727,"Katagon chainbody",inventory,"Bind"
16729,"Gorgonite chainbody",inventory,"Bind"
16731,"Promethium chainbody",inventory,"Bind"
16733,"Primal chainbody",inventory,"Bind"
16735,"Salve hood",inventory,"Bind"
16737,"Wildercress hood",inventory,"Bind"
16739,"Blightleaf hood",inventory,"Bind"
16741,"Roseblood hood",inventory,"Bind"
16743,"Bryll hood",inventory,"Bind"
16745,"Duskweed hood",inventory,"Bind"
16747,"Soulbell hood",inventory,"Bind"
16749,"Ectohood",inventory,"Bind"
16751,"Runic hood",inventory,"Bind"
16753,"Spiritbloom hood",inventory,"Bind"
16755,"Celestial hood",inventory,"Bind"
16757,"Novite dagger",inventory,"Bind"
16759,"Novite dagger (p)",inventory,"Bind"
16761,"Novite dagger (p+)",inventory,"Bind"
16763,"Novite dagger (p++)",inventory,"Bind"
16765,"Bathus dagger",inventory,"Bind"
16767,"Bathus dagger (p)",inventory,"Bind"
16769,"Bathus dagger (p+)",inventory,"Bind"
16771,"Bathus dagger (p++)",inventory,"Bind"
16773,"Marmaros dagger",inventory,"Bind"
16775,"Marmaros dagger (p)",inventory,"Bind"
16777,"Marmaros dagger (p+)",inventory,"Bind"
16779,"Marmaros dagger (p++)",inventory,"Bind"
16781,"Kratonite dagger",inventory,"Bind"
16783,"Kratonite dagger (p)",inventory,"Bind"
16785,"Kratonite dagger (p+)",inventory,"Bind"
16787,"Kratonite dagger (p++)",inventory,"Bind"
16789,"Fractite dagger",inventory,"Bind"
16791,"Fractite dagger (p)",inventory,"Bind"
16793,"Fractite dagger (p+)",inventory,"Bind"
16795,"Fractite dagger (p++)",inventory,"Bind"
16797,"Zephyrium dagger",inventory,"Bind"
16799,"Zephyrium dagger (p)",inventory,"Bind"
16801,"Zephyrium dagger (p+)",inventory,"Bind"
16803,"Zephyrium dagger (p++)",inventory,"Bind"
16805,"Argonite dagger",inventory,"Bind"
16807,"Argonite dagger (p)",inventory,"Bind"
16809,"Argonite dagger (p+)",inventory,"Bind"
16811,"Argonite dagger (p++)",inventory,"Bind"
16813,"Katagon dagger",inventory,"Bind"
16815,"Katagon dagger (p)",inventory,"Bind"
16817,"Katagon dagger (p+)",inventory,"Bind"
16819,"Katagon dagger (p++)",inventory,"Bind"
16821,"Gorgonite dagger",inventory,"Bind"
16823,"Gorgonite dagger (p)",inventory,"Bind"
16825,"Gorgonite dagger (p+)",inventory,"Bind"
16827,"Gorgonite dagger (p++)",inventory,"Bind"
16829,"Promethium dagger",inventory,"Bind"
16831,"Promethium dagger (p)",inventory,"Bind"
16833,"Promethium dagger (p+)",inventory,"Bind"
16835,"Promethium dagger (p++)",inventory,"Bind"
16837,"Primal dagger",inventory,"Bind"
16839,"Primal dagger (p)",inventory,"Bind"
16841,"Primal dagger (p+)",inventory,"Bind"
16843,"Primal dagger (p++)",inventory,"Bind"
16845,"Salve robe bottom",inventory,"Bind"
16847,"Wildercress robe bottom",inventory,"Bind"
16849,"Blightleaf robe bottom",inventory,"Bind"
16851,"Roseblood robe bottom",inventory,"Bind"
16853,"Bryll robe bottom",inventory,"Bind"
16855,"Duskweed robe bottom",inventory,"Bind"
16857,"Soulbell robe bottom",inventory,"Bind"
16859,"Ectorobe bottom",inventory,"Bind"
16861,"Runic robe bottom",inventory,"Bind"
16863,"Spiritbloom robe bottom",inventory,"Bind"
16865,"Celestial robe bottom",inventory,"Bind"
16867,"Tangle gum shortbow",inventory,"Bind"
16869,"Seeping elm shortbow",inventory,"Bind"
16871,"Blood spindle shortbow",inventory,"Bind"
16873,"Utuku shortbow",inventory,"Bind"
16875,"Spinebeam shortbow",inventory,"Bind"
16877,"Bovistrangler shortbow",inventory,"Bind"
16879,"Thigat shortbow",inventory,"Bind"
16881,"Corpsethorn shortbow",inventory,"Bind"
16883,"Entgallow shortbow",inventory,"Bind"
16885,"Grave creeper shortbow",inventory,"Bind"
16887,"Sagittarian shortbow",inventory,"Bind"
16889,"Novite 2h sword",inventory,"Bind"
16891,"Bathus 2h sword",inventory,"Bind"
16893,"Marmaros 2h sword",inventory,"Bind"
16895,"Kratonite 2h sword",inventory,"Bind"
16897,"Fractite 2h sword",inventory,"Bind"
16899,"Zephyrium 2h sword",inventory,"Bind"
16901,"Argonite 2h sword",inventory,"Bind"
16903,"Katagon 2h sword",inventory,"Bind"
16905,"Gorgonite 2h sword",inventory,"Bind"
16907,"Promethium 2h sword",inventory,"Bind"
16909,"Primal 2h sword",inventory,"Bind"
16911,"Salve shoes",inventory,"Bind"
16913,"Wildercress shoes",inventory,"Bind"
16915,"Blightleaf shoes",inventory,"Bind"
16917,"Roseblood shoes",inventory,"Bind"
16919,"Bryll shoes",inventory,"Bind"
16921,"Duskweed shoes",inventory,"Bind"
16923,"Soulbell shoes",inventory,"Bind"
16925,"Ectoshoes",inventory,"Bind"
16927,"Runic shoes",inventory,"Bind"
16929,"Spiritbloom shoes",inventory,"Bind"
16931,"Celestial shoes",inventory,"Bind"
16933,"Anti-dragon shield",inventory,"Bind"
16935,"Novite rapier",inventory,"Bind"
16937,"Bathus rapier",inventory,"Bind"
16939,"Marmaros rapier",inventory,"Bind"
16941,"Kratonite rapier",inventory,"Bind"
16943,"Fractite rapier",inventory,"Bind"
16945,"Zephyrium rapier",inventory,"Bind"
16947,"Argonite rapier",inventory,"Bind"
16949,"Katagon rapier",inventory,"Bind"
16951,"Gorgonite rapier",inventory,"Bind"
16953,"Promethium rapier",inventory,"Bind"
16955,"Primal rapier",inventory,"Bind"
16957,"Fractite rapier",inventory,"Bind"
16959,"Gorgonite rapier",inventory,"Bind"
16961,"Fractite longsword",inventory,"Bind"
16963,"Gorgonite longsword",inventory,"Bind"
16965,"Gorgonite maul",inventory,"Bind"
16967,"Catalytic staff",inventory,"Bind"
16969,"Catalytic warstaff",inventory,"Bind"
16971,"Gorgonite kiteshield",inventory,"Bind"
16973,"Fractite 2h sword",inventory,"Bind"
16975,"Spinebeam shortbow",inventory,"Bind"
16977,"Tangle gum staff",inventory,"Bind"
16979,"Seeping elm staff",inventory,"Bind"
16981,"Blood spindle staff",inventory,"Bind"
16983,"Utuku staff",inventory,"Bind"
16985,"Spinebeam staff",inventory,"Bind"
16987,"Bovistrangler staff",inventory,"Bind"
16989,"Thigat staff",inventory,"Bind"
16991,"Corpsethorn staff",inventory,"Bind"
16993,"Entgallow staff",inventory,"Bind"
16995,"Grave creeper staff",inventory,"Bind"
16997,"Water staff",inventory,"Bind"
16999,"Empowered water staff",inventory,"Bind"
17001,"Earth staff",inventory,"Bind"
17003,"Empowered earth staff",inventory,"Bind"
17005,"Fire staff",inventory,"Bind"
17007,"Empowered fire staff",inventory,"Bind"
17009,"Air staff",inventory,"Bind"
17011,"Empowered air staff",inventory,"Bind"
17013,"Catalytic staff",inventory,"Bind"
17015,"Empowered catalytic staff",inventory,"Bind"
17017,"Celestial catalytic staff",inventory,"Bind"
17019,"Novite warhammer",inventory,"Bind"
17021,"Bathus warhammer",inventory,"Bind"
17023,"Marmaros warhammer",inventory,"Bind"
17025,"Kratonite warhammer",inventory,"Bind"
17027,"Fractite warhammer",inventory,"Bind"
17029,"Zephyrium warhammer",inventory,"Bind"
17031,"Argonite warhammer",inventory,"Bind"
17033,"Katagon warhammer",inventory,"Bind"
17035,"Gorgonite warhammer",inventory,"Bind"
17037,"Promethium warhammer",inventory,"Bind"
17039,"Primal warhammer",inventory,"Bind"
17041,"Protoleather coif",inventory,"Bind"
17043,"Subleather coif",inventory,"Bind"
17045,"Paraleather coif",inventory,"Bind"
17047,"Archleather coif",inventory,"Bind"
17049,"Dromoleather coif",inventory,"Bind"
17051,"Spinoleather coif",inventory,"Bind"
17053,"Gallileather coif",inventory,"Bind"
17055,"Stegoleather coif",inventory,"Bind"
17057,"Megaleather coif",inventory,"Bind"
17059,"Tyrannoleather coif",inventory,"Bind"
17061,"Sagittarian coif",inventory,"Bind"
17063,"Novite spear",inventory,"Bind"
17065,"Novite spear (p)",inventory,"Bind"
17067,"Novite spear (p+)",inventory,"Bind"
17069,"Novite spear (p++)",inventory,"Bind"
17071,"Bathus spear",inventory,"Bind"
17073,"Bathus spear (p)",inventory,"Bind"
17075,"Bathus spear (p+)",inventory,"Bind"
17077,"Bathus spear (p++)",inventory,"Bind"
17079,"Marmaros spear",inventory,"Bind"
17081,"Marmaros spear (p)",inventory,"Bind"
17083,"Marmaros spear (p+)",inventory,"Bind"
17085,"Marmaros spear (p++)",inventory,"Bind"
17087,"Kratonite spear",inventory,"Bind"
17089,"Kratonite spear (p)",inventory,"Bind"
17091,"Kratonite spear (p+)",inventory,"Bind"
17093,"Kratonite spear (p++)",inventory,"Bind"
17095,"Fractite spear",inventory,"Bind"
17097,"Fractite spear (p)",inventory,"Bind"
17099,"Fractite spear (p+)",inventory,"Bind"
17101,"Fractite spear (p++)",inventory,"Bind"
17103,"Zephyrium spear",inventory,"Bind"
17105,"Zephyrium spear (p)",inventory,"Bind"
17107,"Zephyrium spear (p+)",inventory,"Bind"
17109,"Zephyrium spear (p++)",inventory,"Bind"
17111,"Argonite spear",inventory,"Bind"
17113,"Argonite spear (p)",inventory,"Bind"
17115,"Argonite spear (p+)",inventory,"Bind"
17117,"Argonite spear (p++)",inventory,"Bind"
17119,"Katagon spear",inventory,"Bind"
17121,"Katagon spear (p)",inventory,"Bind"
17123,"Katagon spear (p+)",inventory,"Bind"
17125,"Katagon spear (p++)",inventory,"Bind"
17127,"Gorgonite spear",inventory,"Bind"
17129,"Gorgonite spear (p)",inventory,"Bind"
17131,"Gorgonite spear (p+)",inventory,"Bind"
17133,"Gorgonite spear (p++)",inventory,"Bind"
17135,"Promethium spear",inventory,"Bind"
17137,"Promethium spear (p)",inventory,"Bind"
17139,"Promethium spear (p+)",inventory,"Bind"
17141,"Promethium spear (p++)",inventory,"Bind"
17143,"Primal spear",inventory,"Bind"
17145,"Primal spear (p)",inventory,"Bind"
17147,"Primal spear (p+)",inventory,"Bind"
17149,"Primal spear (p++)",inventory,"Bind"
17151,"Salve gloves",inventory,"Bind"
17153,"Wildercress gloves",inventory,"Bind"
17155,"Blightleaf gloves",inventory,"Bind"
17157,"Roseblood gloves",inventory,"Bind"
17159,"Bryll gloves",inventory,"Bind"
17161,"Duskweed gloves",inventory,"Bind"
17163,"Soulbell gloves",inventory,"Bind"
17165,"Ectogloves",inventory,"Bind"
17167,"Runic gloves",inventory,"Bind"
17169,"Spiritbloom gloves",inventory,"Bind"
17171,"Celestial gloves",inventory,"Bind"
17173,"Protoleather body",inventory,"Bind"
17175,"Subleather body",inventory,"Bind"
17177,"Paraleather body",inventory,"Bind"
17179,"Archleather body",inventory,"Bind"
17181,"Dromoleather body",inventory,"Bind"
17183,"Spinoleather body",inventory,"Bind"
17185,"Gallileather body",inventory,"Bind"
17187,"Stegoleather body",inventory,"Bind"
17189,"Megaleather body",inventory,"Bind"
17191,"Tyrannoleather body",inventory,"Bind"
17193,"Sagittarian body",inventory,"Bind"
17195,"Protoleather vambraces",inventory,"Bind"
17197,"Subleather vambraces",inventory,"Bind"
17199,"Paraleather vambraces",inventory,"Bind"
17201,"Archleather vambraces",inventory,"Bind"
17203,"Dromoleather vambraces",inventory,"Bind"
17205,"Spinoleather vambraces",inventory,"Bind"
17207,"Gallileather vambraces",inventory,"Bind"
17209,"Stegoleather vambraces",inventory,"Bind"
17211,"Megaleather vambraces",inventory,"Bind"
17213,"Tyrannoleather vambraces",inventory,"Bind"
17215,"Sagittarian vambraces",inventory,"Bind"
17217,"Salve robe top",inventory,"Bind"
17219,"Wildercress robe top",inventory,"Bind"
17221,"Blightleaf robe top",inventory,"Bind"
17223,"Roseblood robe top",inventory,"Bind"
17225,"Bryll robe top",inventory,"Bind"
17227,"Duskweed robe top",inventory,"Bind"
17229,"Soulbell robe top",inventory,"Bind"
17231,"Ectorobe top",inventory,"Bind"
17233,"Runic robe top",inventory,"Bind"
17235,"Spiritbloom robe top",inventory,"Bind"
17237,"Celestial robe top",inventory,"Bind"
17239,"Novite platebody",inventory,"Bind"
17241,"Bathus platebody",inventory,"Bind"
17243,"Marmaros platebody",inventory,"Bind"
17245,"Kratonite platebody",inventory,"Bind"
17247,"Fractite platebody",inventory,"Bind"
17249,"Zephyrium platebody",inventory,"Bind"
17251,"Argonite platebody",inventory,"Bind"
17253,"Katagon platebody",inventory,"Bind"
17255,"Gorgonite platebody",inventory,"Bind"
17257,"Promethium platebody",inventory,"Bind"
17259,"Primal platebody",inventory,"Bind"
17261,"Silver precision bracelet",inventory,"Bind"
17263,"Golden precision bracelet",inventory,"Bind"
17265,"Sunstriker boots",inventory,"Bind"
17267,"Marksman boots",inventory,"Bind"
17269,"Incantor's boots",inventory,"Bind"
17271,"Sorcerer's boots",inventory,"Bind"
17273,"Flameburst defender",inventory,"Bind"
17275,"Frostbite dagger",inventory,"Bind"
17277,"Hailstorm dagger",inventory,"Bind"
17279,"Shadow silk hood",inventory,"Bind"
17281,"Absorption boots",inventory,"Bind"
17283,"Grounding boots",inventory,"Bind"
17285,"Protector's ward",inventory,"Bind"
17287,"Guardian's ward",inventory,"Bind"
17289,"Seeker's charm",inventory,"Bind"
17291,"Blood necklace",inventory,"Bind"
17293,"Doomcore staff",inventory,"Bind"
17295,"Hexhunter bow",inventory,"Bind"
17297,"Protoleather boots",inventory,"Bind"
17299,"Subleather boots",inventory,"Bind"
17301,"Paraleather boots",inventory,"Bind"
17303,"Archleather boots",inventory,"Bind"
17305,"Dromoleather boots",inventory,"Bind"
17307,"Spinoleather boots",inventory,"Bind"
17309,"Gallileather boots",inventory,"Bind"
17311,"Stegoleather boots",inventory,"Bind"
17313,"Megaleather boots",inventory,"Bind"
17315,"Tyrannoleather boots",inventory,"Bind"
17317,"Sagittarian boots",inventory,"Bind"
17319,"Protoleather chaps",inventory,"Bind"
17321,"Subleather chaps",inventory,"Bind"
17323,"Paraleather chaps",inventory,"Bind"
17325,"Archleather chaps",inventory,"Bind"
17327,"Dromoleather chaps",inventory,"Bind"
17329,"Spinoleather chaps",inventory,"Bind"
17331,"Gallileather chaps",inventory,"Bind"
17333,"Stegoleather chaps",inventory,"Bind"
17335,"Megaleather chaps",inventory,"Bind"
17337,"Tyrannoleather chaps",inventory,"Bind"
17339,"Sagittarian chaps",inventory,"Bind"
17341,"Novite kiteshield",inventory,"Bind"
17343,"Bathus kiteshield",inventory,"Bind"
17345,"Marmaros kiteshield",inventory,"Bind"
17347,"Kratonite kiteshield",inventory,"Bind"
17349,"Fractite kiteshield",inventory,"Bind"
17351,"Zephyrium kiteshield",inventory,"Bind"
17353,"Argonite kiteshield",inventory,"Bind"
17355,"Katagon kiteshield",inventory,"Bind"
17357,"Gorgonite kiteshield",inventory,"Bind"
17359,"Promethium kiteshield",inventory,"Bind"
17361,"Primal kiteshield",inventory,"Bind"
17364,"Lump of stone",inventory,"Carve"
17365,"Spare construct arm (u)",inventory,"Imbue"
17366,"Spare construct leg (u)",inventory,"Imbue"
17367,"Spare construct head (u)",inventory,"Imbue"
17377,"Dry logs",inventory,"Make-trap"
17378,"Simple trap",inventory,"Lay"
17415,"Stone block",inventory,"Carve"
17540,"Valerian potion (unf)",inventory,"Empty"
17542,"Aloe potion (unf)",inventory,"Empty"
17544,"Wormwood potion (unf)",inventory,"Empty"
17546,"Magebane potion (unf)",inventory,"Empty"
17548,"Featherfoil potion (unf)",inventory,"Empty"
17550,"Winter's grip potion (unf)",inventory,"Empty"
17552,"Lycopus potion (unf)",inventory,"Empty"
17554,"Buckthorn potion (unf)",inventory,"Empty"
17556,"Weak magic potion",inventory,"Drink"
17558,"Weak ranged potion",inventory,"Drink"
17560,"Weak melee potion",inventory,"Drink"
17562,"Weak defence potion",inventory,"Drink"
17564,"Weak stat restore potion",inventory,"Drink"
17566,"Antipoison",inventory,"Drink"
17568,"Weak cure potion",inventory,"Drink"
17570,"Weak rejuvenation potion",inventory,"Drink"
17574,"Weak gatherer's potion",inventory,"Drink"
17576,"Weak artisan's potion",inventory,"Drink"
17578,"Weak naturalist's potion",inventory,"Drink"
17580,"Weak survivalist's potion",inventory,"Drink"
17582,"Magic potion",inventory,"Drink"
17584,"Ranged potion",inventory,"Drink"
17584,"Ranged potion",inventory,"Empty"
17586,"Melee potion",inventory,"Drink"
17588,"Defence potion",inventory,"Drink"
17588,"Defence potion",inventory,"Empty"
17590,"Stat restore potion",inventory,"Drink"
17590,"Stat restore potion",inventory,"Empty"
17592,"Cure potion",inventory,"Drink"
17592,"Cure potion",inventory,"Empty"
17594,"Rejuvenation potion",inventory,"Drink"
17594,"Rejuvenation potion",inventory,"Empty"
17596,"Weapon poison",inventory,"Empty"
17598,"Gatherer's potion",inventory,"Drink"
17600,"Artisan's potion",inventory,"Drink"
17600,"Artisan's potion",inventory,"Empty"
17602,"Naturalist's potion",inventory,"Drink"
17602,"Naturalist's potion",inventory,"Empty"
17604,"Survivalist's potion",inventory,"Drink"
17604,"Survivalist's potion",inventory,"Empty"
17606,"Strong magic potion",inventory,"Drink"
17606,"Strong magic potion",inventory,"Empty"
17608,"Strong ranged potion",inventory,"Drink"
17608,"Strong ranged potion",inventory,"Empty"
17610,"Strong melee potion",inventory,"Drink"
17610,"Strong melee potion",inventory,"Empty"
17612,"Strong defence potion",inventory,"Drink"
17612,"Strong defence potion",inventory,"Empty"
17614,"Strong stat restore potion",inventory,"Drink"
17614,"Strong stat restore potion",inventory,"Empty"
17616,"Strong cure potion",inventory,"Drink"
17616,"Strong cure potion",inventory,"Empty"
17618,"Strong rejuvenation potion",inventory,"Drink"
17618,"Strong rejuvenation potion",inventory,"Empty"
17620,"Strong weapon poison",inventory,"Empty"
17622,"Strong gatherer's potion",inventory,"Drink"
17622,"Strong gatherer's potion",inventory,"Empty"
17624,"Strong artisan's potion",inventory,"Drink"
17624,"Strong artisan's potion",inventory,"Empty"
17626,"Strong naturalist's potion",inventory,"Drink"
17626,"Strong naturalist's potion",inventory,"Empty"
17628,"Strong survivalist's potion",inventory,"Drink"
17628,"Strong survivalist's potion",inventory,"Empty"
17670,"Bones",inventory,"Bury"
17672,"Bat bones",inventory,"Bury"
17674,"Big bones",inventory,"Bury"
17676,"Dragon bones",inventory,"Bury"
17756,"Tangle gum trap",inventory,"Lay"
17758,"Seeping elm trap",inventory,"Lay"
17760,"Blood spindle trap",inventory,"Lay"
17762,"Utuku trap",inventory,"Lay"
17764,"Spinebeam trap",inventory,"Lay"
17766,"Bovistrangler trap",inventory,"Lay"
17768,"Thigat trap",inventory,"Lay"
17770,"Corpsethorn trap",inventory,"Lay"
17772,"Entgallow trap",inventory,"Lay"
17774,"Grave creeper trap",inventory,"Lay"
17780,"Air rune",inventory,"Bind"
17781,"Water rune",inventory,"Bind"
17782,"Earth rune",inventory,"Bind"
17783,"Fire rune",inventory,"Bind"
17784,"Mind rune",inventory,"Bind"
17785,"Chaos rune",inventory,"Bind"
17786,"Death rune",inventory,"Bind"
17787,"Blood rune",inventory,"Bind"
17788,"Body rune",inventory,"Bind"
17789,"Cosmic rune",inventory,"Bind"
17790,"Astral rune",inventory,"Bind"
17791,"Nature rune",inventory,"Bind"
17792,"Law rune",inventory,"Bind"
17793,"Soul rune",inventory,"Bind"
17935,"Cub bloodrager pouch",inventory,"Summon"
17936,"Little bloodrager pouch",inventory,"Summon"
17937,"Na�ve bloodrager pouch",inventory,"Summon"
17938,"Keen bloodrager pouch",inventory,"Summon"
17939,"Brave bloodrager pouch",inventory,"Summon"
17940,"Brah bloodrager pouch",inventory,"Summon"
17941,"Naabe bloodrager pouch",inventory,"Summon"
17942,"Wise bloodrager pouch",inventory,"Summon"
17943,"Adept bloodrager pouch",inventory,"Summon"
17944,"Sachem bloodrager pouch",inventory,"Summon"
17945,"Cub stormbringer pouch",inventory,"Summon"
17946,"Little stormbringer pouch",inventory,"Summon"
17947,"Na�ve stormbringer pouch",inventory,"Summon"
17948,"Keen stormbringer pouch",inventory,"Summon"
17949,"Brave stormbringer pouch",inventory,"Summon"
17950,"Brah stormbringer pouch",inventory,"Summon"
17951,"Naabe stormbringer pouch",inventory,"Summon"
17952,"Wise stormbringer pouch",inventory,"Summon"
17953,"Adept stormbringer pouch",inventory,"Summon"
17954,"Sachem stormbringer pouch",inventory,"Summon"
17955,"Cub hoardstalker pouch",inventory,"Summon"
17956,"Little hoardstalker pouch",inventory,"Summon"
17957,"Na�ve hoardstalker pouch",inventory,"Summon"
17958,"Keen hoardstalker pouch",inventory,"Summon"
17959,"Brave hoardstalker pouch",inventory,"Summon"
17960,"Brah hoardstalker pouch",inventory,"Summon"
17961,"Naabe hoardstalker pouch",inventory,"Summon"
17962,"Wise hoardstalker pouch",inventory,"Summon"
17963,"Adept hoardstalker pouch",inventory,"Summon"
17964,"Sachem hoardstalker pouch",inventory,"Summon"
17965,"Cub skinweaver pouch",inventory,"Summon"
17966,"Little skinweaver pouch",inventory,"Summon"
17967,"Na�ve skinweaver pouch",inventory,"Summon"
17968,"Keen skinweaver pouch",inventory,"Summon"
17969,"Brave skinweaver pouch",inventory,"Summon"
17970,"Brah skinweaver pouch",inventory,"Summon"
17971,"Naabe skinweaver pouch",inventory,"Summon"
17972,"Wise skinweaver pouch",inventory,"Summon"
17973,"Adept skinweaver pouch",inventory,"Summon"
17974,"Sachem skinweaver pouch",inventory,"Summon"
17975,"Cub worldbearer pouch",inventory,"Summon"
17976,"Little worldbearer pouch",inventory,"Summon"
17977,"Na�ve worldbearer pouch",inventory,"Summon"
17978,"Keen worldbearer pouch",inventory,"Summon"
17979,"Brave worldbearer pouch",inventory,"Summon"
17980,"Brah worldbearer pouch",inventory,"Summon"
17981,"Naabe worldbearer pouch",inventory,"Summon"
17982,"Wise worldbearer pouch",inventory,"Summon"
17983,"Adept worldbearer pouch",inventory,"Summon"
17984,"Sachem worldbearer pouch",inventory,"Summon"
17985,"Cub deathslinger pouch",inventory,"Summon"
17986,"Little deathslinger pouch",inventory,"Summon"
17987,"Na�ve deathslinger pouch",inventory,"Summon"
17988,"Keen deathslinger pouch",inventory,"Summon"
17989,"Brave deathslinger pouch",inventory,"Summon"
17990,"Brah deathslinger pouch",inventory,"Summon"
17991,"Naabe deathslinger pouch",inventory,"Summon"
17992,"Wise deathslinger pouch",inventory,"Summon"
17993,"Adept deathslinger pouch",inventory,"Summon"
17994,"Sachem deathslinger pouch",inventory,"Summon"
18331,"Maple longbow (sighted)",inventory,"Dismantle"
18332,"Magic longbow (sighted)",inventory,"Dismantle"
18336,"Scroll of life",inventory,"Read"
18338,"Gem bag",inventory,"Inspect"
18338,"Gem bag",inventory,"Withdraw"
18338,"Gem bag",inventory,"Empty"
18339,"Coal bag",inventory,"Inspect"
18339,"Coal bag",inventory,"Withdraw-one"
18339,"Coal bag",inventory,"Withdraw-many"
18339,"Coal bag",inventory,"null"
18341,"Nature staff",inventory,"Inspect"
18341,"Nature staff",inventory,"Empty"
18342,"Law staff",inventory,"Inspect"
18342,"Law staff",inventory,"Empty"
18343,"Scroll of renewal",inventory,"Read"
18344,"Scroll of augury",inventory,"Read"
18508,"Dungeoneering cape",worn,"Boost"
18509,"Dungeoneering cape (t)",worn,"Boost"
18645,"Dodgy flyer",inventory,"Read"
18646,"Thieves' guild pamphlet",inventory,"Read"
18649,"Urist's talisman",inventory,"Put-down"
18653,"Flame fragment",inventory,"Check"
18654,"Flame fragment",inventory,"Check"
18655,"Flame fragment",inventory,"Check"
18656,"Flame fragment",inventory,"Check"
18657,"Flame fragment",inventory,"Check"
18658,"Flame fragment",inventory,"Check"
18659,"Flame fragment",inventory,"Check"
18660,"Flame fragment",inventory,"Check"
18667,"Flagstaff of festivities",inventory,"Find"
18667,"Flagstaff of festivities",inventory,"Recall"
18667,"Flagstaff of festivities",worn,"Place"
18674,"Gnarly",inventory,"Let-go"
18675,"Fairy dossier",inventory,"Read"
18677,"Mango with tooth",inventory,"Extract-tooth"
18685,"Ragged book",inventory,"Read"
18701,"Diagram",inventory,"Read"
18702,"Book of knowledge",inventory,"Read"
18704,"Flare",inventory,"Ignite"
18715,"Cw super attack potion (4)",inventory,"Drink"
18716,"Cw super attack potion (3)",inventory,"Drink"
18717,"Cw super attack potion (2)",inventory,"Drink"
18718,"Cw super attack potion (1)",inventory,"Drink"
18719,"Cw super strength potion (4)",inventory,"Drink"
18720,"Cw super strength potion (3)",inventory,"Drink"
18721,"Cw super strength potion (2)",inventory,"Drink"
18722,"Cw super strength potion (1)",inventory,"Drink"
18723,"Cw super defence potion (4)",inventory,"Drink"
18724,"Cw super defence potion (3)",inventory,"Drink"
18725,"Cw super defence potion (2)",inventory,"Drink"
18726,"Cw super defence potion (1)",inventory,"Drink"
18727,"Cw super energy potion (4)",inventory,"Drink"
18728,"Cw super energy potion (3)",inventory,"Drink"
18729,"Cw super energy potion (2)",inventory,"Drink"
18730,"Cw super energy potion (1)",inventory,"Drink"
18731,"Cw super ranging potion (4)",inventory,"Drink"
18732,"Cw super ranging potion (3)",inventory,"Drink"
18733,"Cw super ranging potion (2)",inventory,"Drink"
18734,"Cw super ranging potion (1)",inventory,"Drink"
18735,"Cw super magic potion (4)",inventory,"Drink"
18736,"Cw super magic potion (3)",inventory,"Drink"
18737,"Cw super magic potion (2)",inventory,"Drink"
18738,"Cw super magic potion (1)",inventory,"Drink"
18757,"Court summons",inventory,"Read"
18758,"Case report 1",inventory,"Read"
18759,"Case report 2",inventory,"Read"
18760,"Case report 3",inventory,"Read"
18761,"Crime scene viewing orb",inventory,"View"
18761,"Crime scene viewing orb",inventory,"End-viewing"
18765,"Bat in a box",inventory,"Get-reading"
18767,"Humble pie",inventory,"Eat"
18768,"Mystery box",inventory,"Open"
18777,"Gavel",worn,"Emote-Order!"
18789,"Cheese wheel",inventory,"Slice"
18789,"Cheese wheel",inventory,"Slice-all"
18790,"Cheese wheel (sliced)",inventory,"Slice"
18790,"Cheese wheel (sliced)",inventory,"Slice-all"
18806,"Teleport to house (chipped)",inventory,"Open"
18807,"Teleport to house (chipped)",inventory,"Break"
18808,"Mabel's lamp",inventory,"Rub"
18817,"Ring of kinship (tank)",inventory,"Open party interface"
18817,"Ring of kinship (tank)",inventory,"Quick-switch"
18817,"Ring of kinship (tank)",inventory,"Customise"
18817,"Ring of kinship (tank)",worn,"Open party interface"
18817,"Ring of kinship (tank)",worn,"Quick-switch"
18817,"Ring of kinship (tank)",worn,"Customise"
18818,"Ring of kinship (tactician)",inventory,"Open party interface"
18818,"Ring of kinship (tactician)",inventory,"Quick-switch"
18818,"Ring of kinship (tactician)",inventory,"Customise"
18818,"Ring of kinship (tactician)",worn,"Open party interface"
18818,"Ring of kinship (tactician)",worn,"Quick-switch"
18818,"Ring of kinship (tactician)",worn,"Customise"
18819,"Ring of kinship (berserker)",inventory,"Open party interface"
18819,"Ring of kinship (berserker)",inventory,"Quick-switch"
18819,"Ring of kinship (berserker)",inventory,"Customise"
18819,"Ring of kinship (berserker)",worn,"Open party interface"
18819,"Ring of kinship (berserker)",worn,"Quick-switch"
18819,"Ring of kinship (berserker)",worn,"Customise"
18820,"Ring of kinship (sniper)",inventory,"Open party interface"
18820,"Ring of kinship (sniper)",inventory,"Quick-switch"
18820,"Ring of kinship (sniper)",inventory,"Customise"
18820,"Ring of kinship (sniper)",worn,"Open party interface"
18820,"Ring of kinship (sniper)",worn,"Quick-switch"
18820,"Ring of kinship (sniper)",worn,"Customise"
18821,"Ring of kinship (keen-eye)",inventory,"Open party interface"
18821,"Ring of kinship (keen-eye)",inventory,"Quick-switch"
18821,"Ring of kinship (keen-eye)",inventory,"Customise"
18821,"Ring of kinship (keen-eye)",worn,"Open party interface"
18821,"Ring of kinship (keen-eye)",worn,"Quick-switch"
18821,"Ring of kinship (keen-eye)",worn,"Customise"
18822,"Ring of kinship (desperado)",inventory,"Open party interface"
18822,"Ring of kinship (desperado)",inventory,"Quick-switch"
18822,"Ring of kinship (desperado)",inventory,"Customise"
18822,"Ring of kinship (desperado)",worn,"Open party interface"
18822,"Ring of kinship (desperado)",worn,"Quick-switch"
18822,"Ring of kinship (desperado)",worn,"Customise"
18823,"Ring of kinship (blazer)",inventory,"Open party interface"
18823,"Ring of kinship (blazer)",inventory,"Quick-switch"
18823,"Ring of kinship (blazer)",inventory,"Customise"
18823,"Ring of kinship (blazer)",worn,"Open party interface"
18823,"Ring of kinship (blazer)",worn,"Quick-switch"
18823,"Ring of kinship (blazer)",worn,"Customise"
18824,"Ring of kinship (blaster)",inventory,"Open party interface"
18824,"Ring of kinship (blaster)",inventory,"Quick-switch"
18824,"Ring of kinship (blaster)",inventory,"Customise"
18824,"Ring of kinship (blaster)",worn,"Open party interface"
18824,"Ring of kinship (blaster)",worn,"Quick-switch"
18824,"Ring of kinship (blaster)",worn,"Customise"
18825,"Ring of kinship (blitzer)",inventory,"Open party interface"
18825,"Ring of kinship (blitzer)",inventory,"Quick-switch"
18825,"Ring of kinship (blitzer)",inventory,"Customise"
18825,"Ring of kinship (blitzer)",worn,"Open party interface"
18825,"Ring of kinship (blitzer)",worn,"Quick-switch"
18825,"Ring of kinship (blitzer)",worn,"Customise"
18826,"Ring of kinship (medic)",inventory,"Open party interface"
18826,"Ring of kinship (medic)",inventory,"Quick-switch"
18826,"Ring of kinship (medic)",inventory,"Customise"
18826,"Ring of kinship (medic)",worn,"Open party interface"
18826,"Ring of kinship (medic)",worn,"Quick-switch"
18826,"Ring of kinship (medic)",worn,"Customise"
18827,"Ring of kinship (gatherer)",inventory,"Open party interface"
18827,"Ring of kinship (gatherer)",inventory,"Quick-switch"
18827,"Ring of kinship (gatherer)",inventory,"Customise"
18827,"Ring of kinship (gatherer)",worn,"Open party interface"
18827,"Ring of kinship (gatherer)",worn,"Quick-switch"
18827,"Ring of kinship (gatherer)",worn,"Customise"
18828,"Ring of kinship (artisan)",inventory,"Open party interface"
18828,"Ring of kinship (artisan)",inventory,"Quick-switch"
18828,"Ring of kinship (artisan)",inventory,"Customise"
18828,"Ring of kinship (artisan)",worn,"Open party interface"
18828,"Ring of kinship (artisan)",worn,"Quick-switch"
18828,"Ring of kinship (artisan)",worn,"Customise"
18832,"Frost dragon bones",inventory,"Bury"
18839,"Scroll of rigour",inventory,"Read"
18841,"Sliding piece",inventory,"Move"
18842,"Sliding piece",inventory,"Move"
18843,"Sliding piece",inventory,"Move"
18844,"Sliding piece",inventory,"Move"
18845,"Sliding piece",inventory,"Move"
18846,"Sliding piece",inventory,"Move"
18847,"Sliding piece",inventory,"Move"
18848,"Sliding piece",inventory,"Move"
18849,"Sliding piece",inventory,"Move"
18850,"Sliding piece",inventory,"Move"
18851,"Sliding piece",inventory,"Move"
18852,"Sliding piece",inventory,"Move"
18853,"Sliding piece",inventory,"Move"
18854,"Sliding piece",inventory,"Move"
18855,"Sliding piece",inventory,"Move"
18856,"Sliding piece",inventory,"Move"
18857,"Sliding piece",inventory,"Move"
18858,"Sliding piece",inventory,"Move"
18859,"Sliding piece",inventory,"Move"
18860,"Sliding piece",inventory,"Move"
18861,"Sliding piece",inventory,"Move"
18862,"Sliding piece",inventory,"Move"
18863,"Sliding piece",inventory,"Move"
18864,"Sliding piece",inventory,"Move"
18865,"Sliding piece",inventory,"Move"
18866,"Sliding piece",inventory,"Move"
18867,"Sliding piece",inventory,"Move"
18868,"Sliding piece",inventory,"Move"
18869,"Sliding piece",inventory,"Move"
18870,"Sliding piece",inventory,"Move"
18871,"Sliding piece",inventory,"Move"
18872,"Sliding piece",inventory,"Move"
18873,"Sliding piece",inventory,"Move"
18874,"Sliding piece",inventory,"Move"
18875,"Sliding piece",inventory,"Move"
18876,"Sliding piece",inventory,"Move"
18877,"Sliding piece",inventory,"Move"
18878,"Sliding piece",inventory,"Move"
18879,"Sliding piece",inventory,"Move"
18880,"Sliding piece",inventory,"Move"
18881,"Sliding piece",inventory,"Move"
18882,"Sliding piece",inventory,"Move"
18883,"Sliding piece",inventory,"Move"
18884,"Sliding piece",inventory,"Move"
18885,"Sliding piece",inventory,"Move"
18886,"Sliding piece",inventory,"Move"
18887,"Sliding piece",inventory,"Move"
18888,"Sliding piece",inventory,"Move"
18889,"Sliding piece",inventory,"Move"
18890,"Sliding piece",inventory,"Move"
18891,"Sliding piece",inventory,"Move"
18892,"Sliding piece",inventory,"Move"
18893,"Sliding piece",inventory,"Move"
18894,"Sliding piece",inventory,"Move"
18895,"Sliding piece",inventory,"Move"
18896,"Sliding piece",inventory,"Move"
18897,"Sliding piece",inventory,"Move"
18898,"Sliding piece",inventory,"Move"
18899,"Sliding piece",inventory,"Move"
18900,"Sliding piece",inventory,"Move"
18901,"Sliding piece",inventory,"Move"
18902,"Sliding piece",inventory,"Move"
18903,"Sliding piece",inventory,"Move"
18904,"Sliding piece",inventory,"Move"
18905,"Sliding piece",inventory,"Move"
18906,"Sliding piece",inventory,"Move"
18907,"Sliding piece",inventory,"Move"
18908,"Sliding piece",inventory,"Move"
18909,"Sliding piece",inventory,"Move"
18910,"Sliding piece",inventory,"Move"
18911,"Sliding piece",inventory,"Move"
18912,"Sliding piece",inventory,"Move"
18913,"Sliding piece",inventory,"Move"
18914,"Sliding piece",inventory,"Move"
18915,"Sliding piece",inventory,"Move"
18916,"Sliding piece",inventory,"Move"
18917,"Sliding piece",inventory,"Move"
18918,"Sliding piece",inventory,"Move"
18919,"Sliding piece",inventory,"Move"
18920,"Sliding piece",inventory,"Move"
18921,"Sliding piece",inventory,"Move"
18922,"Sliding piece",inventory,"Move"
18923,"Sliding piece",inventory,"Move"
18924,"Sliding piece",inventory,"Move"
18925,"Sliding piece",inventory,"Move"
18926,"Sliding piece",inventory,"Move"
18927,"Sliding piece",inventory,"Move"
18928,"Sliding piece",inventory,"Move"
18929,"Sliding piece",inventory,"Move"
18930,"Sliding piece",inventory,"Move"
18931,"Sliding piece",inventory,"Move"
18932,"Sliding piece",inventory,"Move"
18933,"Sliding piece",inventory,"Move"
18934,"Sliding piece",inventory,"Move"
18935,"Sliding piece",inventory,"Move"
18936,"Sliding piece",inventory,"Move"
18937,"Scroll box (hard)",inventory,"Open"
18938,"Scroll box (hard)",inventory,"Open"
18939,"Scroll box (hard)",inventory,"Open"
18940,"Scroll box (hard)",inventory,"Open"
18941,"Scroll box (hard)",inventory,"Open"
18942,"Scroll box (hard)",inventory,"Open"
18943,"Scroll box (hard)",inventory,"Open"
18944,"Scroll box (hard)",inventory,"Open"
18945,"Scroll box (hard)",inventory,"Open"
18946,"Scroll box (hard)",inventory,"Open"
18947,"Scroll box (hard)",inventory,"Open"
18948,"Scroll box (hard)",inventory,"Open"
18949,"Scroll box (hard)",inventory,"Open"
18950,"Scroll box (hard)",inventory,"Open"
18951,"Scroll box (hard)",inventory,"Open"
18952,"Scroll box (hard)",inventory,"Open"
18953,"Scroll box (hard)",inventory,"Open"
18954,"Scroll box (hard)",inventory,"Open"
18955,"Scroll box (hard)",inventory,"Open"
18956,"Scroll box (hard)",inventory,"Open"
18957,"Scroll box (hard)",inventory,"Open"
18958,"Scroll box (hard)",inventory,"Open"
18959,"Scroll box (hard)",inventory,"Open"
18960,"Scroll box (hard)",inventory,"Open"
18961,"Scroll box (hard)",inventory,"Open"
18962,"Scroll box (hard)",inventory,"Open"
18963,"Scroll box (hard)",inventory,"Open"
18964,"Scroll box (hard)",inventory,"Open"
18965,"Scroll box (hard)",inventory,"Open"
18966,"Scroll box (hard)",inventory,"Open"
18967,"Scroll box (hard)",inventory,"Open"
18968,"Scroll box (hard)",inventory,"Open"
18969,"Scroll box (hard)",inventory,"Open"
18970,"Scroll box (hard)",inventory,"Open"
18971,"Scroll box (hard)",inventory,"Open"
18972,"Scroll box (hard)",inventory,"Open"
18973,"Scroll box (hard)",inventory,"Open"
18974,"Scroll box (hard)",inventory,"Open"
18975,"Scroll box (hard)",inventory,"Open"
18976,"Scroll box (hard)",inventory,"Open"
18977,"Scroll box (hard)",inventory,"Open"
18978,"Scroll box (hard)",inventory,"Open"
18979,"Scroll box (hard)",inventory,"Open"
18980,"Scroll box (hard)",inventory,"Open"
18981,"Scroll box (hard)",inventory,"Open"
18982,"Scroll box (hard)",inventory,"Open"
18983,"Scroll box (hard)",inventory,"Open"
18984,"Scroll box (hard)",inventory,"Open"
18985,"Scroll box (hard)",inventory,"Open"
18986,"Scroll box (hard)",inventory,"Open"
18987,"Scroll box (hard)",inventory,"Open"
18988,"Scroll box (hard)",inventory,"Open"
18989,"Scroll box (hard)",inventory,"Open"
18990,"Scroll box (hard)",inventory,"Open"
18991,"Scroll box (hard)",inventory,"Open"
18992,"Scroll box (hard)",inventory,"Open"
18993,"Scroll box (hard)",inventory,"Open"
18994,"Scroll box (hard)",inventory,"Open"
18995,"Scroll box (hard)",inventory,"Open"
18996,"Scroll box (hard)",inventory,"Open"
18997,"Scroll box (hard)",inventory,"Open"
18998,"Scroll box (hard)",inventory,"Open"
18999,"Scroll box (hard)",inventory,"Open"
19000,"Scroll box (hard)",inventory,"Open"
19001,"Scroll box (hard)",inventory,"Open"
19002,"Scroll box (hard)",inventory,"Open"
19003,"Scroll box (hard)",inventory,"Open"
19004,"Scroll box (hard)",inventory,"Open"
19005,"Scroll box (easy)",inventory,"Open"
19006,"Scroll box (easy)",inventory,"Open"
19007,"Scroll box (easy)",inventory,"Open"
19008,"Scroll box (easy)",inventory,"Open"
19009,"Scroll box (easy)",inventory,"Open"
19010,"Scroll box (easy)",inventory,"Open"
19011,"Scroll box (easy)",inventory,"Open"
19012,"Scroll box (easy)",inventory,"Open"
19013,"Scroll box (easy)",inventory,"Open"
19014,"Scroll box (easy)",inventory,"Open"
19015,"Scroll box (easy)",inventory,"Open"
19016,"Scroll box (easy)",inventory,"Open"
19017,"Scroll box (easy)",inventory,"Open"
19018,"Scroll box (easy)",inventory,"Open"
19019,"Scroll box (easy)",inventory,"Open"
19020,"Scroll box (easy)",inventory,"Open"
19021,"Scroll box (easy)",inventory,"Open"
19022,"Scroll box (easy)",inventory,"Open"
19023,"Scroll box (easy)",inventory,"Open"
19024,"Scroll box (easy)",inventory,"Open"
19025,"Scroll box (easy)",inventory,"Open"
19026,"Scroll box (easy)",inventory,"Open"
19027,"Scroll box (easy)",inventory,"Open"
19028,"Scroll box (easy)",inventory,"Open"
19029,"Scroll box (easy)",inventory,"Open"
19030,"Scroll box (easy)",inventory,"Open"
19031,"Scroll box (easy)",inventory,"Open"
19032,"Scroll box (easy)",inventory,"Open"
19033,"Scroll box (easy)",inventory,"Open"
19034,"Scroll box (easy)",inventory,"Open"
19035,"Scroll box (easy)",inventory,"Open"
19036,"Scroll box (easy)",inventory,"Open"
19037,"Scroll box (easy)",inventory,"Open"
19038,"Scroll box (easy)",inventory,"Open"
19040,"Puzzle casket (elite)",inventory,"Open"
19041,"Scroll box (elite)",inventory,"Open"
19042,"Puzzle scroll box (elite)",inventory,"Open"
19043,"Clue scroll (elite)",inventory,"Scan"
19044,"Clue scroll (elite)",inventory,"Scan"
19044,"Clue scroll (elite)",inventory,"Read"
19045,"Clue scroll (elite)",inventory,"Scan"
19045,"Clue scroll (elite)",inventory,"Read"
19046,"Clue scroll (elite)",inventory,"Scan"
19046,"Clue scroll (elite)",inventory,"Read"
19047,"Clue scroll (elite)",inventory,"Scan"
19047,"Clue scroll (elite)",inventory,"Read"
19048,"Clue scroll (elite)",inventory,"Scan"
19048,"Clue scroll (elite)",inventory,"Read"
19049,"Clue scroll (elite)",inventory,"Scan"
19049,"Clue scroll (elite)",inventory,"Read"
19050,"Clue scroll (elite)",inventory,"Scan"
19050,"Clue scroll (elite)",inventory,"Read"
19051,"Clue scroll (elite)",inventory,"Scan"
19051,"Clue scroll (elite)",inventory,"Read"
19052,"Clue scroll (elite)",inventory,"Scan"
19052,"Clue scroll (elite)",inventory,"Read"
19053,"Clue scroll (elite)",inventory,"Scan"
19053,"Clue scroll (elite)",inventory,"Read"
19054,"Clue scroll (elite)",inventory,"Scan"
19054,"Clue scroll (elite)",inventory,"Read"
19055,"Clue scroll (elite)",inventory,"Scan"
19055,"Clue scroll (elite)",inventory,"Read"
19056,"Clue scroll (elite)",inventory,"Scan"
19056,"Clue scroll (elite)",inventory,"Read"
19057,"Clue scroll (elite)",inventory,"Scan"
19057,"Clue scroll (elite)",inventory,"Read"
19058,"Clue scroll (elite)",inventory,"Scan"
19058,"Clue scroll (elite)",inventory,"Read"
19059,"Clue scroll (elite)",inventory,"Scan"
19059,"Clue scroll (elite)",inventory,"Read"
19060,"Clue scroll (elite)",inventory,"Scan"
19060,"Clue scroll (elite)",inventory,"Read"
19061,"Clue scroll (elite)",inventory,"Scan"
19061,"Clue scroll (elite)",inventory,"Read"
19062,"Clue scroll (elite)",inventory,"Scan"
19062,"Clue scroll (elite)",inventory,"Read"
19063,"Clue scroll (elite)",inventory,"Scan"
19063,"Clue scroll (elite)",inventory,"Read"
19064,"Clue scroll (elite)",inventory,"Read"
19065,"Scroll box (medium)",inventory,"Open"
19066,"Scroll box (medium)",inventory,"Open"
19067,"Scroll box (medium)",inventory,"Open"
19068,"Scroll box (medium)",inventory,"Open"
19069,"Scroll box (medium)",inventory,"Open"
19070,"Scroll box (medium)",inventory,"Open"
19071,"Scroll box (medium)",inventory,"Open"
19072,"Scroll box (medium)",inventory,"Open"
19073,"Scroll box (medium)",inventory,"Open"
19074,"Scroll box (medium)",inventory,"Open"
19075,"Scroll box (medium)",inventory,"Open"
19076,"Scroll box (medium)",inventory,"Open"
19077,"Scroll box (medium)",inventory,"Open"
19078,"Scroll box (medium)",inventory,"Open"
19079,"Scroll box (medium)",inventory,"Open"
19080,"Scroll box (medium)",inventory,"Open"
19081,"Scroll box (medium)",inventory,"Open"
19082,"Scroll box (medium)",inventory,"Open"
19083,"Scroll box (medium)",inventory,"Open"
19084,"Scroll box (medium)",inventory,"Open"
19085,"Scroll box (medium)",inventory,"Open"
19086,"Scroll box (medium)",inventory,"Open"
19087,"Scroll box (medium)",inventory,"Open"
19088,"Scroll box (medium)",inventory,"Open"
19089,"Scroll box (medium)",inventory,"Open"
19090,"Scroll box (medium)",inventory,"Open"
19091,"Scroll box (medium)",inventory,"Open"
19092,"Scroll box (medium)",inventory,"Open"
19093,"Scroll box (medium)",inventory,"Open"
19094,"Scroll box (medium)",inventory,"Open"
19095,"Scroll box (medium)",inventory,"Open"
19096,"Scroll box (medium)",inventory,"Open"
19097,"Scroll box (medium)",inventory,"Open"
19098,"Scroll box (medium)",inventory,"Open"
19099,"Scroll box (medium)",inventory,"Open"
19100,"Scroll box (medium)",inventory,"Open"
19101,"Scroll box (medium)",inventory,"Open"
19102,"Scroll box (medium)",inventory,"Open"
19103,"Scroll box (medium)",inventory,"Open"
19104,"Scroll box (medium)",inventory,"Open"
19105,"Scroll box (medium)",inventory,"Open"
19106,"Scroll box (medium)",inventory,"Open"
19107,"Scroll box (medium)",inventory,"Open"
19108,"Scroll box (medium)",inventory,"Open"
19109,"Scroll box (medium)",inventory,"Open"
19110,"Scroll box (medium)",inventory,"Open"
19111,"Scroll box (medium)",inventory,"Open"
19112,"Scroll box (medium)",inventory,"Open"
19113,"Scroll box (medium)",inventory,"Open"
19114,"Scroll box (medium)",inventory,"Open"
19115,"Scroll box (medium)",inventory,"Open"
19116,"Scroll box (medium)",inventory,"Open"
19117,"Scroll box (medium)",inventory,"Open"
19118,"Scroll box (medium)",inventory,"Open"
19119,"Scroll box (medium)",inventory,"Open"
19120,"Scroll box (medium)",inventory,"Open"
19121,"Scroll box (medium)",inventory,"Open"
19122,"Scroll box (medium)",inventory,"Open"
19323,"Dragon staff",worn,"Dragon-dance"
19325,"Penguin staff",worn,"Penguin-dance"
19327,"Bat staff",worn,"Bat-dance"
19329,"Wolf staff",worn,"Wolf-dance"
19331,"Cat staff",worn,"Cat-dance"
19612,"Damaged book",inventory,"Check"
19613,"Book of war",inventory,"Preach"
19613,"Book of war",worn,"Preach"
19614,"Damaged book",inventory,"Check"
19615,"Book of law",inventory,"Preach"
19615,"Book of law",worn,"Preach"
19616,"Damaged book",inventory,"Check"
19617,"Ancient book",inventory,"Preach"
19617,"Ancient book",worn,"Preach"
19622,"Meerkats pouch",inventory,"Summon"
19624,"Puzzle box",inventory,"Attempt-puzzle"
19626,"Mysterious clue scroll",inventory,"Read"
19635,"Void knight whistle",inventory,"Peep(undo-move)"
19635,"Void knight whistle",inventory,"Blow(reset-puzzle)"
19635,"Void knight whistle",inventory,"Test"
19641,"Commorb",inventory,"Contact"
19642,"Void knight commendation",inventory,"Info"
19643,"Void pest research notes",inventory,"Read"
19644,"Void knight book",inventory,"Read"
19650,"Toolkit",inventory,"Open"
19653,"Corianger",inventory,"Consecrate"
19654,"Explosemary",inventory,"Consecrate"
19655,"Parslay",inventory,"Consecrate"
19656,"Cardamaim",inventory,"Consecrate"
19657,"Papreaper",inventory,"Consecrate"
19658,"Slaughtercress",inventory,"Consecrate"
19660,"Rock",inventory,"Carve"
19670,"Scroll of efficiency",inventory,"Read"
19671,"Magical blastbox",inventory,"Charge"
19671,"Magical blastbox",inventory,"Check/Empty"
19672,"Eye of the ranger",worn,"Activate"
19673,"Eye of the warrior",worn,"Activate"
19674,"Eye of the mage",worn,"Activate"
19675,"Herbicide",inventory,"Inspect"
19676,"Mysterious chronicle (part 19)",inventory,"Read"
19677,"Mysterious chronicle (part 20)",inventory,"Read"
19678,"Mysterious chronicle (part 21)",inventory,"Read"
19679,"Mysterious chronicle (part 22)",inventory,"Read"
19680,"Mysterious chronicle (part 23)",inventory,"Read"
19681,"Mysterious chronicle (part 24)",inventory,"Read"
19682,"Bellefleur's journal",inventory,"Read"
19683,"Arch necrolord request",inventory,"Read"
19684,"Tombstone transcription",inventory,"Read"
19685,"Behemoth notes (part 4)",inventory,"Read"
19686,"Kal'gerion notes (part 4)",inventory,"Read"
19687,"Stalker notes (part 4)",inventory,"Read"
19688,"M. and thok letter (part 7)",inventory,"Read"
19689,"M. and thok letter (part 8)",inventory,"Read"
19704,"Statue collection bag",inventory,"Look-in"
19704,"Statue collection bag",inventory,"Fill"
19704,"Statue collection bag",inventory,"Empty"
19705,"Mysterious book",inventory,"Read"
19709,"Dungeoneering master cape",worn,"Boost"
19748,"Ardougne cloak 4",inventory,"Summoning-restore"
19748,"Ardougne cloak 4",worn,"Summoning-restore"
19749,"Falador shield 4",inventory,"Prayer-restore"
19749,"Falador shield 4",worn,"Prayer-restore"
19749,"Falador shield 4",worn,"Emote"
19749,"Falador shield 4",worn,"Find-mole"
19760,"Explorer's ring 4",inventory,"Alchemy-or-superheat"
19760,"Explorer's ring 4",inventory,"Run-replenish"
19760,"Explorer's ring 4",inventory,"Cabbage-port"
19760,"Explorer's ring 4",worn,"Cabbage-port"
19760,"Explorer's ring 4",worn,"Low-Alchemy"
19760,"Explorer's ring 4",worn,"High-Alchemy"
19760,"Explorer's ring 4",worn,"Run-replenish"
19762,"Hamper",inventory,"Check"
19762,"Hamper",inventory,"Open"
19762,"Hamper",inventory,"Empty"
19766,"Fremennik sea boots 4",inventory,"Operate"
19766,"Fremennik sea boots 4",worn,"Contact the Fossegrimen"
19766,"Fremennik sea boots 4",worn,"Free lyre teleport"
19772,"Gunnar's ground",inventory,"Read"
19773,"Gunnar's ground",inventory,"Read"
19791,"Book of equilibrium",inventory,"Read"
19808,"Yaktwee stick",inventory,"Count-menu"
19808,"Yaktwee stick",worn,"Count-menu"
19809,"Gold charm slice",inventory,"Combine"
19814,"Green charm slice",inventory,"Combine"
19819,"Crimson charm slice",inventory,"Combine"
19824,"Blue charm slice",inventory,"Combine"
19846,"Mysterious chronicle (part 25)",inventory,"Read"
19847,"Mysterious chronicle (part 26)",inventory,"Read"
19848,"Mysterious chronicle (part 27)",inventory,"Read"
19849,"Mysterious chronicle (part 28)",inventory,"Read"
19850,"Mysterious chronicle (part 29)",inventory,"Read"
19851,"Mysterious chronicle (part 30)",inventory,"Read"
19852,"Blink's scribblings",inventory,"Read"
19853,"Gulega missive",inventory,"Read"
19854,"Resource requisition orders",inventory,"Read"
19855,"Behemoth notes (part 5)",inventory,"Read"
19856,"Kalgerion notes (part 5)",inventory,"Read"
19857,"Stalker notes (part 5)",inventory,"Read"
19858,"M. and thok letter (part 9)",inventory,"Read"
19859,"M. and thok letter (part 10)",inventory,"Read"
19860,"Portal notes",inventory,"Read"
19861,"Scrap of parchment",inventory,"Read"
19862,"Letter to an acolyte",inventory,"Read"
19863,"Letter from brundt",inventory,"Read"
19865,"Magical blastbox (b)",inventory,"Charge"
19865,"Magical blastbox (b)",inventory,"Check"
19866,"Celestial surgebox (b)",inventory,"Charge"
19866,"Celestial surgebox (b)",inventory,"Check"
19867,"Magical blastbox",inventory,"Charge"
19867,"Magical blastbox",inventory,"Bind"
19867,"Magical blastbox",inventory,"Check/Empty"
19868,"Celestial surgebox",inventory,"Charge"
19868,"Celestial surgebox",inventory,"Bind"
19868,"Celestial surgebox",inventory,"Check/Empty"
19889,"Celestial surgebox",inventory,"Charge"
19889,"Celestial surgebox",inventory,"Check/Empty"
19890,"Scroll of cleansing",inventory,"Read"
19965,"Marasamaw plant",inventory,"Lay"
20003,"Juju mining potion (4)",inventory,"Drink"
20004,"Juju mining potion (3)",inventory,"Drink"
20005,"Juju mining potion (2)",inventory,"Drink"
20006,"Juju mining potion (1)",inventory,"Drink"
20007,"Juju cooking potion (4)",inventory,"Drink"
20008,"Juju cooking potion (3)",inventory,"Drink"
20009,"Juju cooking potion (2)",inventory,"Drink"
20010,"Juju cooking potion (1)",inventory,"Drink"
20011,"Juju farming potion (4)",inventory,"Drink"
20012,"Juju farming potion (3)",inventory,"Drink"
20013,"Juju farming potion (2)",inventory,"Drink"
20014,"Juju farming potion (1)",inventory,"Drink"
20015,"Juju woodcutting potion (4)",inventory,"Drink"
20016,"Juju woodcutting potion (3)",inventory,"Drink"
20017,"Juju woodcutting potion (2)",inventory,"Drink"
20018,"Juju woodcutting potion (1)",inventory,"Drink"
20019,"Juju fishing potion (4)",inventory,"Drink"
20020,"Juju fishing potion (3)",inventory,"Drink"
20021,"Juju fishing potion (2)",inventory,"Drink"
20022,"Juju fishing potion (1)",inventory,"Drink"
20023,"Juju hunter potion (4)",inventory,"Drink"
20024,"Juju hunter potion (3)",inventory,"Drink"
20025,"Juju hunter potion (2)",inventory,"Drink"
20026,"Juju hunter potion (1)",inventory,"Drink"
20027,"Scentless potion (4)",inventory,"Drink"
20028,"Scentless potion (3)",inventory,"Drink"
20029,"Scentless potion (2)",inventory,"Drink"
20030,"Scentless potion (1)",inventory,"Drink"
20031,"Saradomin's blessing (4)",inventory,"Drink"
20032,"Saradomin's blessing (3)",inventory,"Drink"
20033,"Saradomin's blessing (2)",inventory,"Drink"
20034,"Saradomin's blessing (1)",inventory,"Drink"
20035,"Guthix's gift (4)",inventory,"Drink"
20036,"Guthix's gift (3)",inventory,"Drink"
20037,"Guthix's gift (2)",inventory,"Drink"
20038,"Guthix's gift (1)",inventory,"Drink"
20039,"Zamorak's favour (4)",inventory,"Drink"
20040,"Zamorak's favour (3)",inventory,"Drink"
20041,"Zamorak's favour (2)",inventory,"Drink"
20042,"Zamorak's favour (1)",inventory,"Drink"
20057,"Chimp ice",inventory,"Place"
20059,"Barrel of monkeys",inventory,"Open"
20059,"Barrel of monkeys",inventory,"Speak-with"
20061,"Metal crate",inventory,"Open"
20062,"Economy building for dummies",inventory,"Read"
20064,"Cramulet",inventory,"Dismantle"
20065,"Cramulet",inventory,"Rub"
20065,"Cramulet",inventory,"Dismantle"
20066,"Cramulet",inventory,"Dismantle"
20067,"Cramulet",inventory,"Rub"
20067,"Cramulet",inventory,"Dismantle"
20068,"Ava's alerter",inventory,"Toggle"
20068,"Ava's alerter",worn,"Toggle"
20077,"Salty claws hat",worn,"Dance"
20078,"Heimland games souvenir",inventory,"Snowsplosion"
20083,"Golden cracker",inventory,"Info"
20084,"Golden hammer",inventory,"Info"
20084,"Golden hammer",worn,"Brandish (2009)"
20084,"Golden hammer",worn,"Spin (2010)"
20091,"Big rock",inventory,"Lift"
20113,"10th anniversary cake",inventory,"Celebrate"
20120,"Frozen key",inventory,"Check-uses"
20127,"Ancient ceremonial top",worn,"Activate"
20176,"Miner's diary",inventory,"Read"
20178,"Hati paws",inventory,"Check-power"
20178,"Hati paws",worn,"Check power"
20179,"Celebration cake",inventory,"Eat"
20181,"Celebration cake",inventory,"Eat"
20182,"Celebration cake",inventory,"Celebrate"
20182,"Celebration cake",inventory,"Eat"
20258,"A handwritten book",inventory,"Read"
20270,"A�a�",inventory,"Eat"
20275,"Cracked smelting urn",inventory,"Check level"
20276,"Cracked smelting urn (full)",inventory,"Teleport urn"
20276,"Cracked smelting urn (full)",inventory,"Check level"
20281,"Fragile smelting urn",inventory,"Check level"
20282,"Fragile smelting urn (full)",inventory,"Teleport urn"
20282,"Fragile smelting urn (full)",inventory,"Check level"
20287,"Smelting urn",inventory,"Check level"
20288,"Smelting urn (full)",inventory,"Teleport urn"
20288,"Smelting urn (full)",inventory,"Check level"
20293,"Strong smelting urn",inventory,"Check level"
20294,"Strong smelting urn (full)",inventory,"Teleport urn"
20294,"Strong smelting urn (full)",inventory,"Check level"
20299,"Cracked woodcutting urn",inventory,"Check level"
20300,"Cracked woodcutting urn (full)",inventory,"Teleport urn"
20300,"Cracked woodcutting urn (full)",inventory,"Check level"
20305,"Fragile woodcutting urn",inventory,"Check level"
20306,"Fragile woodcutting urn (full)",inventory,"Teleport urn"
20306,"Fragile woodcutting urn (full)",inventory,"Check level"
20311,"Woodcutting urn",inventory,"Check level"
20312,"Woodcutting urn (full)",inventory,"Teleport urn"
20312,"Woodcutting urn (full)",inventory,"Check level"
20317,"Strong woodcutting urn",inventory,"Check level"
20318,"Strong woodcutting urn (full)",inventory,"Teleport urn"
20318,"Strong woodcutting urn (full)",inventory,"Check level"
20323,"Cracked fishing urn",inventory,"Check level"
20324,"Cracked fishing urn (full)",inventory,"Teleport urn"
20324,"Cracked fishing urn (full)",inventory,"Check level"
20329,"Fragile fishing urn",inventory,"Check level"
20330,"Fragile fishing urn (full)",inventory,"Teleport urn"
20330,"Fragile fishing urn (full)",inventory,"Check level"
20335,"Fishing urn",inventory,"Check level"
20336,"Fishing urn (full)",inventory,"Teleport urn"
20336,"Fishing urn (full)",inventory,"Check level"
20341,"Strong fishing urn",inventory,"Check level"
20342,"Strong fishing urn (full)",inventory,"Teleport urn"
20342,"Strong fishing urn (full)",inventory,"Check level"
20347,"Decorated fishing urn",inventory,"Check level"
20348,"Decorated fishing urn (full)",inventory,"Teleport urn"
20348,"Decorated fishing urn (full)",inventory,"Check level"
20353,"Cracked cooking urn",inventory,"Check level"
20354,"Cracked cooking urn (full)",inventory,"Teleport urn"
20354,"Cracked cooking urn (full)",inventory,"Check level"
20359,"Fragile cooking urn",inventory,"Check level"
20360,"Fragile cooking urn (full)",inventory,"Teleport urn"
20360,"Fragile cooking urn (full)",inventory,"Check level"
20365,"Cooking urn",inventory,"Check level"
20366,"Cooking urn (full)",inventory,"Teleport urn"
20366,"Cooking urn (full)",inventory,"Check level"
20371,"Strong cooking urn",inventory,"Check level"
20372,"Strong cooking urn (full)",inventory,"Teleport urn"
20372,"Strong cooking urn (full)",inventory,"Check level"
20377,"Decorated cooking urn",inventory,"Check level"
20378,"Decorated cooking urn (full)",inventory,"Teleport urn"
20378,"Decorated cooking urn (full)",inventory,"Check level"
20383,"Cracked mining urn",inventory,"Check level"
20384,"Cracked mining urn (full)",inventory,"Teleport urn"
20384,"Cracked mining urn (full)",inventory,"Check level"
20389,"Fragile mining urn",inventory,"Check level"
20390,"Fragile mining urn (full)",inventory,"Teleport urn"
20390,"Fragile mining urn (full)",inventory,"Check level"
20395,"Mining urn",inventory,"Check level"
20396,"Mining urn (full)",inventory,"Teleport urn"
20396,"Mining urn (full)",inventory,"Check level"
20401,"Strong mining urn",inventory,"Check level"
20402,"Strong mining urn (full)",inventory,"Teleport urn"
20402,"Strong mining urn (full)",inventory,"Check level"
20407,"Decorated mining urn",inventory,"Check level"
20408,"Decorated mining urn (full)",inventory,"Teleport urn"
20408,"Decorated mining urn (full)",inventory,"Check level"
20413,"Impious urn",inventory,"Check level"
20414,"Impious urn (full)",inventory,"Teleport urn"
20414,"Impious urn (full)",inventory,"Check level"
20419,"Accursed urn",inventory,"Check level"
20420,"Accursed urn (full)",inventory,"Teleport urn"
20420,"Accursed urn (full)",inventory,"Check level"
20425,"Infernal urn",inventory,"Check level"
20426,"Infernal urn (full)",inventory,"Teleport urn"
20426,"Infernal urn (full)",inventory,"Check level"
20428,"Jmod boss",inventory,"Control"
20431,"Notched book",inventory,"Read"
20432,"Shabby book",inventory,"Read"
20468,"Broken cannon stand",inventory,"Dismantle"
20468,"Broken cannon stand",inventory,"Study"
20469,"Broken cannon stand",inventory,"Fill"
20469,"Broken cannon stand",inventory,"Study"
20470,"Cannon stand",inventory,"Study"
20471,"Broken cannon base",inventory,"Remove-cogs"
20471,"Broken cannon base",inventory,"Study"
20472,"Empty cannon base",inventory,"Fill"
20472,"Empty cannon base",inventory,"Study"
20473,"Cannon base",inventory,"Study"
20474,"Broken cannon cog",inventory,"Study"
20475,"Cannon cog",inventory,"Study"
20477,"Broken cannon barrel",inventory,"Study"
20478,"Broken cannon barrel",inventory,"Study"
20479,"Broken cannon barrel",inventory,"Study"
20480,"Cannon barrel",inventory,"Study"
20481,"Broken pipe",inventory,"Study"
20482,"Pipe",inventory,"Study"
20484,"Cannon furnace",inventory,"Rebuild"
20484,"Cannon furnace",inventory,"Study"
20485,"Cannon furnace",inventory,"Study"
20486,"Broken cannon furnace",inventory,"Remove-parts"
20486,"Broken cannon furnace",inventory,"Study"
20487,"Empty fuse box",inventory,"Study"
20488,"Broken fuse box",inventory,"Study"
20489,"Fuse box",inventory,"Study"
20490,"Broken flint",inventory,"Study"
20491,"Flint",inventory,"Study"
20492,"Cannonball",inventory,"Study"
20494,"Gold cannon base",inventory,"Set-up"
20498,"Royale cannon base",inventory,"Set-up"
20667,"Vecna skull",inventory,"Draw power"
20670,"Note",inventory,"Read"
20674,"Delivery note",inventory,"Read"
20675,"Pirate spell sheet",inventory,"Select-spell"
20675,"Pirate spell sheet",inventory,"Braindeath-Teleport"
20675,"Pirate spell sheet",inventory,"Harmless-Teleport"
20676,"Zombie head",inventory,"Chat"
20678,"Twiblick night special",inventory,"Open"
20679,"Twiblick night special",inventory,"Examine-contents"
20690,"Barrelchest disguise",inventory,"Change"
20691,"Evidence file",inventory,"Read"
20702,"Lunar lumber",inventory,"Convert"
20704,"Livid plant",inventory,"Bunch"
20706,"Mambo's potion",inventory,"Drink"
20707,"Clan charter",inventory,"Check"
20707,"Clan charter",inventory,"Clear"
20709,"Clan vexillum",inventory,"Find"
20709,"Clan vexillum",inventory,"Recall"
20709,"Clan vexillum",worn,"Place"
20709,"Clan vexillum",worn,"Teleport"
20710,"Rcw badge",inventory,"Distribute"
20711,"Rcw chicken",inventory,"Eat"
20712,"Rcw rules",inventory,"Read"
20714,"Bouquet",worn,"Throw"
20716,"Bubble maker",worn,"Blow-bubbles"
20718,"Confetti",inventory,"Throw"
20720,"Firework",inventory,"Light"
20722,"Firecracker",inventory,"Throw"
20725,"Souvenir mug",inventory,"Polish"
20727,"Sunbeam crown",worn,"Contact"
20727,"Sunbeam crown",worn,"Count-charges"
20728,"Icicle crown",worn,"Contact"
20728,"Icicle crown",worn,"Count-charges"
20769,"Completionist cape",inventory,"Customise"
20769,"Completionist cape",inventory,"Features"
20769,"Completionist cape",worn,"Kandarin Monastery"
20769,"Completionist cape",worn,"Ardougne Farm"
20769,"Completionist cape",worn,"Summoning-restore"
20769,"Completionist cape",worn,"Customise"
20771,"Completionist cape",inventory,"Customise"
20771,"Completionist cape",inventory,"Features"
20771,"Completionist cape",worn,"Kandarin Monastery"
20771,"Completionist cape",worn,"Ardougne Farm"
20771,"Completionist cape",worn,"Summoning-restore"
20771,"Completionist cape",worn,"Customise"
20795,"Duellist's cap",inventory,"Options"
20795,"Duellist's cap",inventory,"Change-look"
20795,"Duellist's cap",worn,"Brag"
20795,"Duellist's cap",worn,"Transform"
20796,"Duellist's cap",inventory,"Options"
20796,"Duellist's cap",inventory,"Change-look"
20796,"Duellist's cap",worn,"Brag"
20796,"Duellist's cap",worn,"Transform"
20797,"Duellist's cap",inventory,"Options"
20797,"Duellist's cap",inventory,"Change-look"
20797,"Duellist's cap",worn,"Brag"
20797,"Duellist's cap",worn,"Transform"
20798,"Duellist's cap",inventory,"Options"
20798,"Duellist's cap",inventory,"Change-look"
20798,"Duellist's cap",worn,"Brag"
20798,"Duellist's cap",worn,"Transform"
20799,"Duellist's cap",inventory,"Options"
20799,"Duellist's cap",inventory,"Change-look"
20799,"Duellist's cap",worn,"Brag"
20799,"Duellist's cap",worn,"Transform"
20800,"Duellist's cap",inventory,"Options"
20800,"Duellist's cap",inventory,"Change-look"
20800,"Duellist's cap",worn,"Brag"
20800,"Duellist's cap",worn,"Transform"
20801,"Wildstalker helmet",inventory,"Options"
20801,"Wildstalker helmet",inventory,"Change-look"
20801,"Wildstalker helmet",worn,"Brag"
20801,"Wildstalker helmet",worn,"Transform"
20802,"Wildstalker helmet",inventory,"Options"
20802,"Wildstalker helmet",inventory,"Change-look"
20802,"Wildstalker helmet",worn,"Brag"
20802,"Wildstalker helmet",worn,"Transform"
20803,"Wildstalker helmet",inventory,"Options"
20803,"Wildstalker helmet",inventory,"Change-look"
20803,"Wildstalker helmet",worn,"Brag"
20803,"Wildstalker helmet",worn,"Transform"
20804,"Wildstalker helmet",inventory,"Options"
20804,"Wildstalker helmet",inventory,"Change-look"
20804,"Wildstalker helmet",worn,"Brag"
20804,"Wildstalker helmet",worn,"Transform"
20805,"Wildstalker helmet",inventory,"Options"
20805,"Wildstalker helmet",inventory,"Change-look"
20805,"Wildstalker helmet",worn,"Brag"
20805,"Wildstalker helmet",worn,"Transform"
20806,"Wildstalker helmet",inventory,"Options"
20806,"Wildstalker helmet",inventory,"Change-look"
20806,"Wildstalker helmet",worn,"Brag"
20806,"Wildstalker helmet",worn,"Transform"
20831,"Sea meat",inventory,"Eat"
20832,"Thok's 'trophy' bag",inventory,"Check-trophies"
20837,"Not-meat",inventory,"Eat"
20838,"Crunchy rune rocks",inventory,"Eat"
20840,"Mini-marm",inventory,"Talk-to"
20841,"Thok rune",inventory,"Eat"
20842,"Heim crab",inventory,"Eat"
20843,"Giant flatfish",inventory,"Eat"
20844,"Vengeance (abridged)",inventory,"Read"
20845,"Vengeance (unabridged)",inventory,"Read"
20846,"Thok it to 'em (abridged)",inventory,"Read"
20847,"Thok it to 'em (unabridged)",inventory,"Read"
20860,"Bag of runes",inventory,"Get-runes"
20861,"Heim crab",inventory,"Eat"
20862,"Dusk eel",inventory,"Eat"
20864,"Three's company (abridged)",inventory,"Read"
20865,"Three's company (unabridged)",inventory,"Read"
20874,"Gorgonite 2h sword",inventory,"Bind"
20879,"Antipoison elixir",inventory,"Drink"
20879,"Antipoison elixir",inventory,"Empty"
20883,"Fishbowl and net",inventory,"Untangle"
20884,"Sea chart",inventory,"Read"
20890,"Harpoon plans",inventory,"Read"
20933,"Bucket of oil",inventory,"Empty"
20935,"Reward book",inventory,"Read"
20936,"Reward book",inventory,"Read"
20957,"Oddball",inventory,"Time-Remaining"
20957,"Oddball",worn,"Activate aura"
20957,"Oddball",worn,"Aura time remaining"
20958,"Poison purge",inventory,"Time-Remaining"
20958,"Poison purge",worn,"Activate Aura"
20958,"Poison purge",worn,"Aura Time remaining"
20959,"Jack of trades",inventory,"Time-Remaining"
20959,"Jack of trades",worn,"Activate aura"
20959,"Jack of trades",worn,"Aura time remaining"
20960,"Reward book",inventory,"Read"
20961,"Knock-out",inventory,"Time-Remaining"
20961,"Knock-out",worn,"Activate aura"
20961,"Knock-out",worn,"Aura time remaining"
20962,"Runic accuracy",inventory,"Time-Remaining"
20962,"Runic accuracy",worn,"Activate aura"
20962,"Runic accuracy",worn,"Aura time remaining"
20963,"Friend in need",inventory,"Time-Remaining"
20963,"Friend in need",worn,"Activate aura"
20963,"Friend in need",worn,"Aura time remaining"
20964,"Surefooted",inventory,"Time-Remaining"
20964,"Surefooted",worn,"Activate aura"
20964,"Surefooted",worn,"Aura time remaining"
20965,"Reverence",inventory,"Time-Remaining"
20965,"Reverence",worn,"Activate aura"
20965,"Reverence",worn,"Aura time remaining"
20966,"Call of the sea",inventory,"Time-Remaining"
20966,"Call of the sea",worn,"Activate aura"
20966,"Call of the sea",worn,"Aura time remaining"
20967,"Sharpshooter",inventory,"Time-Remaining"
20967,"Sharpshooter",worn,"Activate aura"
20967,"Sharpshooter",worn,"Aura time remaining"
21250,"Pet rock",inventory,"Interact"
21252,"Pet rock",inventory,"Interact"
21254,"Pet rock",inventory,"Interact"
21256,"Pet rock",inventory,"Interact"
21332,"Hexhunter bow",inventory,"Bind"
21343,"Wooden knot",inventory,"Craft"
21345,"Uncut lapis lazuli",inventory,"Craft"
21371,"Abyssal vine whip",inventory,"Split"
21372,"Abyssal vine whip",inventory,"Split"
21373,"Abyssal vine whip",inventory,"Split"
21374,"Abyssal vine whip",inventory,"Split"
21375,"Abyssal vine whip",inventory,"Split"
21376,"Common fruit",inventory,"Eat"
21377,"Shadow fruit",inventory,"Eat"
21378,"Igneous fruit",inventory,"Eat"
21379,"Cannibal fruit",inventory,"Eat"
21380,"Aquatic fruit",inventory,"Eat"
21381,"Amphibious fruit",inventory,"Eat"
21382,"Carrion fruit",inventory,"Eat"
21383,"Diseased fruit",inventory,"Eat"
21384,"Camouflaged fruit",inventory,"Eat"
21385,"Draconic fruit",inventory,"Eat"
21386,"Saradomin fruit",inventory,"Eat"
21387,"Guthix fruit",inventory,"Eat"
21388,"Zamorak fruit",inventory,"Eat"
21392,"Rock fragment",inventory,"Chicken"
21402,"Clan battlefield key",inventory,"Discard"
21403,"Healing potion",inventory,"Drink"
21403,"Healing potion",inventory,"Discard"
21404,"Clan hatchet",inventory,"Discard"
21405,"Clan pickaxe",inventory,"Discard"
21406,"Battlefield cape",inventory,"Change"
21407,"Battlefield cape",inventory,"Change"
21408,"Battlefield cape",inventory,"Change"
21409,"Uncharged ring",inventory,"Check-potential"
21409,"Uncharged ring",inventory,"Charge"
21409,"Uncharged ring",worn,"Check-potential"
21409,"Uncharged ring",worn,"Charge"
21410,"Cooking ring",inventory,"Check-charge"
21410,"Cooking ring",worn,"Check-charge"
21411,"Crafting ring",inventory,"Check-charge"
21411,"Crafting ring",worn,"Check-charge"
21412,"Firemaking ring",inventory,"Check-charge"
21412,"Firemaking ring",worn,"Check-charge"
21413,"Mining ring",inventory,"Check-charge"
21413,"Mining ring",worn,"Check-charge"
21414,"Smithing ring",inventory,"Check-charge"
21414,"Smithing ring",worn,"Check-charge"
21415,"Summoning ring",inventory,"Check-charge"
21415,"Summoning ring",worn,"Check-charge"
21416,"Woodcutting ring",inventory,"Check-charge"
21416,"Woodcutting ring",worn,"Check-charge"
21428,"Master invitation",inventory,"Read"
21429,"Clan meeting invitation",inventory,"Read"
21430,"Citadel service record",inventory,"Read"
21431,"Citadel portal scroll",inventory,"Begin-ritual"
21431,"Citadel portal scroll",inventory,"Read"
21432,"Citadel handbook (basic)",inventory,"Read"
21433,"Citadel handbook (advanced)",inventory,"Read"
21438,"Mystery cracker",inventory,"Info"
21444,"Ghast pouch",inventory,"Summon"
21477,"Necromancer robe top",inventory,"Remove-kit"
21478,"Necromancer hood",inventory,"Remove-kit"
21479,"Necromancer robe bottom",inventory,"Remove-kit"
21490,"Skeletal staff of air",inventory,"Remove-skull"
21491,"Skeletal staff of water",inventory,"Remove-skull"
21492,"Skeletal staff of earth",inventory,"Remove-skull"
21493,"Skeletal staff of fire",inventory,"Remove-skull"
21494,"Skeletal battlestaff of fire",inventory,"Remove-skull"
21495,"Skeletal battlestaff of water",inventory,"Remove-skull"
21496,"Skeletal battlestaff of air",inventory,"Remove-skull"
21497,"Skeletal battlestaff of earth.",inventory,"Remove-skull"
21498,"Necromancer's fire staff",inventory,"Remove-skull"
21499,"Necromancer's water staff",inventory,"Remove-skull"
21500,"Necromancer's air staff",inventory,"Remove-skull"
21501,"Necromancer's earth staff",inventory,"Remove-skull"
21502,"Skeletal lava battlestaff",inventory,"Remove-skull"
21503,"Necromancer's lava staff",inventory,"Remove-skull"
21504,"Skeletal mud battlestaff",inventory,"Remove-skull"
21505,"Necromancer's mud staff",inventory,"Remove-skull"
21506,"Skeletal steam battlestaff",inventory,"Remove-skull"
21507,"Necromancer's steam staff",inventory,"Remove-skull"
21508,"Necromancer robe top",inventory,"Remove-kit"
21509,"Necromancer hood",inventory,"Remove-kit"
21510,"Necromancer robe bottom",inventory,"Remove-kit"
21513,"Arcane capacitor amulet (u)",inventory,"Charge"
21513,"Arcane capacitor amulet (u)",worn,"Rub"
21514,"Arcane capacitor (c)",inventory,"Remove-charge"
21521,"Tiger shark",inventory,"Eat"
21523,"Glistening shell",inventory,"Listen"
21524,"Shimmering shell",inventory,"Listen"
21527,"Sacred clay shield (melee)",inventory,"Morph"
21527,"Sacred clay shield (melee)",inventory,"Check-charge"
21527,"Sacred clay shield (melee)",worn,"Morph"
21527,"Sacred clay shield (melee)",worn,"Check-charge"
21528,"Sacred clay shield (magic)",inventory,"Morph"
21528,"Sacred clay shield (magic)",inventory,"Check-charge"
21528,"Sacred clay shield (magic)",worn,"Morph"
21528,"Sacred clay shield (magic)",worn,"Check-charge"
21529,"Sacred clay shield (ranged)",inventory,"Morph"
21529,"Sacred clay shield (ranged)",inventory,"Check-charge"
21529,"Sacred clay shield (ranged)",worn,"Morph"
21529,"Sacred clay shield (ranged)",worn,"Check-charge"
21531,"Castlewars chinchompa",inventory,"Deploy-proximity"
21531,"Castlewars chinchompa",inventory,"Deploy-timer"
21536,"Sceptre of the gods",inventory,"Teleport"
21536,"Sceptre of the gods",worn,"Jalsavrah"
21536,"Sceptre of the gods",worn,"Jaleustrophos"
21536,"Sceptre of the gods",worn,"Jaldraocht"
21575,"Mysterious medallion",inventory,"Teleport"
21575,"Mysterious medallion",worn,"Teleport"
21575,"Mysterious medallion",worn,"Check charges"
21576,"Drakan's medallion",worn,"Check charges"
21577,"Tome of xp 3rd ed (3)",inventory,"Read"
21578,"Tome of xp 3rd ed (2)",inventory,"Read"
21579,"Tome of xp 3rd ed (1)",inventory,"Read"
21583,"Letter",inventory,"Read"
21585,"Smoke bomb",inventory,"Smash"
21586,"Bottle of blood",inventory,"Drink"
21592,"Ripped darkmeyer hood",inventory,"Fix"
21593,"Ripped darkmeyer torso",inventory,"Fix"
21594,"Ripped darkmeyer trousers",inventory,"Fix"
21595,"Ripped darkmeyer boots",inventory,"Fix"
21601,"Vertida's bottle of holy water",inventory,"Throw"
21628,"Fellstalk potion (unf)",inventory,"Empty"
21630,"Prayer renewal (4)",inventory,"Drink"
21630,"Prayer renewal (4)",inventory,"Empty"
21632,"Prayer renewal (3)",inventory,"Drink"
21632,"Prayer renewal (3)",inventory,"Empty"
21634,"Prayer renewal (2)",inventory,"Drink"
21634,"Prayer renewal (2)",inventory,"Empty"
21636,"Prayer renewal (1)",inventory,"Drink"
21636,"Prayer renewal (1)",inventory,"Empty"
21770,"Odd lamp",inventory,"Rub"
21771,"Odd lamp",inventory,"Rub"
21772,"Odd lamp",inventory,"Rub"
21776,"Shards of armadyl",inventory,"Combine"
21796,"Bob's collar",inventory,"Study"
21799,"Note to robert",inventory,"Read"
21800,"Note to you",inventory,"Read"
21804,"Dathana's message",inventory,"Read"
21809,"Beacon part",inventory,"Assemble"
21810,"Beacon part",inventory,"Assemble"
21811,"Beacon part",inventory,"Assemble"
21812,"Beacon part",inventory,"Assemble"
21814,"Code key (main entrance)",inventory,"Read"
21815,"Code key (storeroom)",inventory,"Read"
21816,"Code key (reliquary)",inventory,"Read"
21817,"Heart magic notes",inventory,"Read"
21819,"Strange device",inventory,"Check-output"
21821,"Tune bane ore scroll",inventory,"Learn spell"
22268,"Greater poison purge",inventory,"Time-Remaining"
22268,"Greater poison purge",worn,"Activate Aura"
22268,"Greater poison purge",worn,"Aura Time remaining"
22270,"Greater runic accuracy",inventory,"Time-Remaining"
22270,"Greater runic accuracy",worn,"Activate aura"
22270,"Greater runic accuracy",worn,"Aura time remaining"
22272,"Greater sharpshooter",inventory,"Time-Remaining"
22272,"Greater sharpshooter",worn,"Activate aura"
22272,"Greater sharpshooter",worn,"Aura time remaining"
22274,"Greater call of the sea",inventory,"Time-Remaining"
22274,"Greater call of the sea",worn,"Activate aura"
22274,"Greater call of the sea",worn,"Aura time remaining"
22276,"Greater reverence",inventory,"Time-Remaining"
22276,"Greater reverence",worn,"Activate aura"
22276,"Greater reverence",worn,"Aura time remaining"
22278,"Greater surefooted",inventory,"Time-Remaining"
22278,"Greater surefooted",worn,"Activate aura"
22278,"Greater surefooted",worn,"Aura time remaining"
22280,"Lumberjack",inventory,"Time-Remaining"
22280,"Lumberjack",worn,"Activate aura"
22280,"Lumberjack",worn,"Aura time remaining"
22282,"Greater lumberjack",inventory,"Time-Remaining"
22282,"Greater lumberjack",worn,"Activate aura"
22282,"Greater lumberjack",worn,"Aura time remaining"
22284,"Quarrymaster",inventory,"Time-Remaining"
22284,"Quarrymaster",worn,"Activate aura"
22284,"Quarrymaster",worn,"Aura time remaining"
22286,"Greater quarrymaster",inventory,"Time-Remaining"
22286,"Greater quarrymaster",worn,"Activate aura"
22286,"Greater quarrymaster",worn,"Aura time remaining"
22288,"Five finger discount",inventory,"Time-Remaining"
22288,"Five finger discount",worn,"Activate aura"
22288,"Five finger discount",worn,"Aura time remaining"
22290,"Greater five finger discount",inventory,"Time-Remaining"
22290,"Greater five finger discount",worn,"Activate aura"
22290,"Greater five finger discount",worn,"Aura time remaining"
22292,"Resourceful",inventory,"Time-Remaining"
22292,"Resourceful",worn,"Activate aura"
22292,"Resourceful",worn,"Aura time remaining"
22294,"Equilibrium",inventory,"Time-Remaining"
22294,"Equilibrium",worn,"Activate aura"
22294,"Equilibrium",worn,"Aura time remaining"
22296,"Inspiration",inventory,"Time-Remaining"
22296,"Inspiration",worn,"Activate aura"
22296,"Inspiration",worn,"Aura time remaining"
22298,"Vampyrism",inventory,"Time-Remaining"
22298,"Vampyrism",worn,"Activate aura"
22298,"Vampyrism",worn,"Aura time remaining"
22300,"Penance",inventory,"Time-Remaining"
22300,"Penance",worn,"Activate aura"
22300,"Penance",worn,"Aura time remaining"
22302,"Wisdom",inventory,"Time-Remaining"
22302,"Wisdom",worn,"Activate aura"
22302,"Wisdom",worn,"Aura time remaining"
22308,"Impious ashes",inventory,"Scatter"
22310,"Accursed ashes",inventory,"Scatter"
22312,"Infernal ashes",inventory,"Scatter"
22323,"Trouver parchment",inventory,"Read"
22937,"Menaphite ornament kit",inventory,"Attach"
22952,"Ancient wyvern shield",worn,"Operate"
22952,"Ancient wyvern shield",worn,"Recharge"
22953,"Ancient wyvern shield",worn,"Recharge"
22954,"Dragonfire ward",worn,"Activate"
23388,"Haemostatic poultice",inventory,"Empty"
23822,"Trinket of fairies",inventory,"Fairy-ring"
23822,"Trinket of fairies",inventory,"Spirit-tree"
23822,"Trinket of fairies",inventory,"Tool-leprechauns"
23822,"Trinket of fairies",inventory,"Last-destination"
23823,"Trinket of avarice",inventory,"Note/Unnote"
23823,"Trinket of avarice",inventory,"Value"
23824,"Trinket of undead",inventory,"Summon Lil Zuk"
23824,"Trinket of undead",inventory,"Summon Lil Kal"
23824,"Trinket of undead",inventory,"Summon Lil Wisp"
23825,"Trinket of fortuity (inactive)",inventory,"Charge"
23846,"Book of Darkness",inventory,"Preach"
23846,"Book of Darkness",worn,"Read"